DATAFLOW,FREQ,REF_AREA,DATA_TYPE,ACCIDENT_LOCALIZATON,TIME_PERIOD,OBS_VALUE,OBS_STATUS,NOTE_DS,NOTE_REF_AREA,NOTE_DATA_TYPE,NOTE_ACCIDENT_LOCALIZATON,NOTE_TIME_PERIOD,BASE_PER,UNIT_MEAS,UNIT_MULT
IT1:41_287_DF_DCIS_INDINCIDENT_2(1.0),A,IT,INJUREDINDX,1,2023,127.84093,,,,,,,,,
IT1:41_287_DF_DCIS_INDINCIDENT_2(1.0),A,IT,INJUREDINDX,2,2023,163.7691,,,,,,,,,
IT1:41_287_DF_DCIS_INDINCIDENT_2(1.0),A,IT,INJUREDINDX,3,2023,151.86805,,,,,,,,,
IT1:41_287_DF_DCIS_INDINCIDENT_2(1.0),A,IT,INJUREDINDX,9,2023,134.89506,,,,,,,,,
IT1:41_287_DF_DCIS_INDINCIDENT_2(1.0),A,IT108,INJUREDINDX,1,2023,119.45355,,,,,,,,,
IT1:41_287_DF_DCIS_INDINCIDENT_2(1.0),A,IT108,INJUREDINDX,2,2023,154.6875,,,,,,,,,
IT1:41_287_DF_DCIS_INDINCIDENT_2(1.0),A,IT108,INJUREDINDX,3,2023,145.36341,,,,,,,,,
IT1:41_287_DF_DCIS_INDINCIDENT_2(1.0),A,IT108,INJUREDINDX,9,2023,125.75308,,,,,,,,,
IT1:41_287_DF_DCIS_INDINCIDENT_2(1.0),A,IT109,INJUREDINDX,1,2023,130.721,,,,,,,,,
IT1:41_287_DF_DCIS_INDINCIDENT_2(1.0),A,IT109,INJUREDINDX,2,2023,171.05263,,,,,,,,,
IT1:41_287_DF_DCIS_INDINCIDENT_2(1.0),A,IT109,INJUREDINDX,3,2023,165.88235,,,,,,,,,
IT1:41_287_DF_DCIS_INDINCIDENT_2(1.0),A,IT109,INJUREDINDX,9,2023,144.97154,,,,,,,,,
IT1:41_287_DF_DCIS_INDINCIDENT_2(1.0),A,IT110,INJUREDINDX,1,2023,149.5356,,,,,,,,,
IT1:41_287_DF_DCIS_INDINCIDENT_2(1.0),A,IT110,INJUREDINDX,2,2023,162.5,,,,,,,,,
IT1:41_287_DF_DCIS_INDINCIDENT_2(1.0),A,IT110,INJUREDINDX,3,2023,181.48148,,,,,,,,,
IT1:41_287_DF_DCIS_INDINCIDENT_2(1.0),A,IT110,INJUREDINDX,9,2023,156.87427,,,,,,,,,
IT1:41_287_DF_DCIS_INDINCIDENT_2(1.0),A,IT111,INJUREDINDX,1,2023,133.33333,,,,,,,,,
IT1:41_287_DF_DCIS_INDINCIDENT_2(1.0),A,IT111,INJUREDINDX,3,2023,159.04437,,,,,,,,,
IT1:41_287_DF_DCIS_INDINCIDENT_2(1.0),A,IT111,INJUREDINDX,9,2023,149.89011,,,,,,,,,
IT1:41_287_DF_DCIS_INDINCIDENT_2(1.0),A,ITC,INJUREDINDX,1,2023,124.48373,,,,,,,,,
IT1:41_287_DF_DCIS_INDINCIDENT_2(1.0),A,ITC,INJUREDINDX,2,2023,162.27723,,,,,,,,,
IT1:41_287_DF_DCIS_INDINCIDENT_2(1.0),A,ITC,INJUREDINDX,3,2023,147.6817,,,,,,,,,
IT1:41_287_DF_DCIS_INDINCIDENT_2(1.0),A,ITC,INJUREDINDX,9,2023,130.85378,,,,,,,,,
IT1:41_287_DF_DCIS_INDINCIDENT_2(1.0),A,ITC1,INJUREDINDX,1,2023,133.81703,,,,,,,,,
IT1:41_287_DF_DCIS_INDINCIDENT_2(1.0),A,ITC1,INJUREDINDX,2,2023,157.77439,,,,,,,,,
IT1:41_287_DF_DCIS_INDINCIDENT_2(1.0),A,ITC1,INJUREDINDX,3,2023,149.74263,,,,,,,,,
IT1:41_287_DF_DCIS_INDINCIDENT_2(1.0),A,ITC1,INJUREDINDX,9,2023,138.77755,,,,,,,,,
IT1:41_287_DF_DCIS_INDINCIDENT_2(1.0),A,ITC11,INJUREDINDX,1,2023,137.57902,,,,,,,,,
IT1:41_287_DF_DCIS_INDINCIDENT_2(1.0),A,ITC11,INJUREDINDX,2,2023,146.71717,,,,,,,,,
IT1:41_287_DF_DCIS_INDINCIDENT_2(1.0),A,ITC11,INJUREDINDX,3,2023,155.37555,,,,,,,,,
IT1:41_287_DF_DCIS_INDINCIDENT_2(1.0),A,ITC11,INJUREDINDX,9,2023,140.51627,,,,,,,,,
IT1:41_287_DF_DCIS_INDINCIDENT_2(1.0),A,ITC12,INJUREDINDX,1,2023,121.49123,,,,,,,,,
IT1:41_287_DF_DCIS_INDINCIDENT_2(1.0),A,ITC12,INJUREDINDX,2,2023,212.5,,,,,,,,,
IT1:41_287_DF_DCIS_INDINCIDENT_2(1.0),A,ITC12,INJUREDINDX,3,2023,154.19847,,,,,,,,,
IT1:41_287_DF_DCIS_INDINCIDENT_2(1.0),A,ITC12,INJUREDINDX,9,2023,139.8977,,,,,,,,,
IT1:41_287_DF_DCIS_INDINCIDENT_2(1.0),A,ITC13,INJUREDINDX,1,2023,120.5298,,,,,,,,,
IT1:41_287_DF_DCIS_INDINCIDENT_2(1.0),A,ITC13,INJUREDINDX,3,2023,133.76623,,,,,,,,,
IT1:41_287_DF_DCIS_INDINCIDENT_2(1.0),A,ITC13,INJUREDINDX,9,2023,123.219,,,,,,,,,
IT1:41_287_DF_DCIS_INDINCIDENT_2(1.0),A,ITC14,INJUREDINDX,1,2023,119.08397,,,,,,,,,
IT1:41_287_DF_DCIS_INDINCIDENT_2(1.0),A,ITC14,INJUREDINDX,2,2023,155.55556,,,,,,,,,
IT1:41_287_DF_DCIS_INDINCIDENT_2(1.0),A,ITC14,INJUREDINDX,3,2023,136,,,,,,,,,
IT1:41_287_DF_DCIS_INDINCIDENT_2(1.0),A,ITC14,INJUREDINDX,9,2023,124.5283,,,,,,,,,
IT1:41_287_DF_DCIS_INDINCIDENT_2(1.0),A,ITC15,INJUREDINDX,1,2023,133.90093,,,,,,,,,
IT1:41_287_DF_DCIS_INDINCIDENT_2(1.0),A,ITC15,INJUREDINDX,2,2023,181.13208,,,,,,,,,
IT1:41_287_DF_DCIS_INDINCIDENT_2(1.0),A,ITC15,INJUREDINDX,3,2023,145.83333,,,,,,,,,
IT1:41_287_DF_DCIS_INDINCIDENT_2(1.0),A,ITC15,INJUREDINDX,9,2023,139.61661,,,,,,,,,
IT1:41_287_DF_DCIS_INDINCIDENT_2(1.0),A,ITC16,INJUREDINDX,1,2023,133.09735,,,,,,,,,
IT1:41_287_DF_DCIS_INDINCIDENT_2(1.0),A,ITC16,INJUREDINDX,2,2023,160.34483,,,,,,,,,
IT1:41_287_DF_DCIS_INDINCIDENT_2(1.0),A,ITC16,INJUREDINDX,3,2023,151.84382,,,,,,,,,
IT1:41_287_DF_DCIS_INDINCIDENT_2(1.0),A,ITC16,INJUREDINDX,9,2023,142.52768,,,,,,,,,
IT1:41_287_DF_DCIS_INDINCIDENT_2(1.0),A,ITC17,INJUREDINDX,1,2023,127.90698,,,,,,,,,
IT1:41_287_DF_DCIS_INDINCIDENT_2(1.0),A,ITC17,INJUREDINDX,2,2023,145.45455,,,,,,,,,
IT1:41_287_DF_DCIS_INDINCIDENT_2(1.0),A,ITC17,INJUREDINDX,3,2023,140.54054,,,,,,,,,
IT1:41_287_DF_DCIS_INDINCIDENT_2(1.0),A,ITC17,INJUREDINDX,9,2023,132.48082,,,,,,,,,
IT1:41_287_DF_DCIS_INDINCIDENT_2(1.0),A,ITC18,INJUREDINDX,1,2023,128.83523,,,,,,,,,
IT1:41_287_DF_DCIS_INDINCIDENT_2(1.0),A,ITC18,INJUREDINDX,2,2023,175.5814,,,,,,,,,
IT1:41_287_DF_DCIS_INDINCIDENT_2(1.0),A,ITC18,INJUREDINDX,3,2023,147.33728,,,,,,,,,
IT1:41_287_DF_DCIS_INDINCIDENT_2(1.0),A,ITC18,INJUREDINDX,9,2023,137.94326,,,,,,,,,
IT1:41_287_DF_DCIS_INDINCIDENT_2(1.0),A,ITC2,INJUREDINDX,1,2023,121.42857,,,,,,,,,
IT1:41_287_DF_DCIS_INDINCIDENT_2(1.0),A,ITC2,INJUREDINDX,2,2023,215,,,,,,,,,
IT1:41_287_DF_DCIS_INDINCIDENT_2(1.0),A,ITC2,INJUREDINDX,3,2023,157.3913,,,,,,,,,
IT1:41_287_DF_DCIS_INDINCIDENT_2(1.0),A,ITC2,INJUREDINDX,9,2023,142.21453,,,,,,,,,
IT1:41_287_DF_DCIS_INDINCIDENT_2(1.0),A,ITC20,INJUREDINDX,1,2023,121.42857,,,,,,,,,
IT1:41_287_DF_DCIS_INDINCIDENT_2(1.0),A,ITC20,INJUREDINDX,2,2023,215,,,,,,,,,
IT1:41_287_DF_DCIS_INDINCIDENT_2(1.0),A,ITC20,INJUREDINDX,3,2023,157.3913,,,,,,,,,
IT1:41_287_DF_DCIS_INDINCIDENT_2(1.0),A,ITC20,INJUREDINDX,9,2023,142.21453,,,,,,,,,
IT1:41_287_DF_DCIS_INDINCIDENT_2(1.0),A,ITC3,INJUREDINDX,1,2023,117.38437,,,,,,,,,
IT1:41_287_DF_DCIS_INDINCIDENT_2(1.0),A,ITC3,INJUREDINDX,2,2023,167.37213,,,,,,,,,
IT1:41_287_DF_DCIS_INDINCIDENT_2(1.0),A,ITC3,INJUREDINDX,3,2023,127.70563,,,,,,,,,
IT1:41_287_DF_DCIS_INDINCIDENT_2(1.0),A,ITC3,INJUREDINDX,9,2023,122.09827,,,,,,,,,
IT1:41_287_DF_DCIS_INDINCIDENT_2(1.0),A,ITC31,INJUREDINDX,1,2023,119.62963,,,,,,,,,
IT1:41_287_DF_DCIS_INDINCIDENT_2(1.0),A,ITC31,INJUREDINDX,2,2023,192.5,,,,,,,,,
IT1:41_287_DF_DCIS_INDINCIDENT_2(1.0),A,ITC31,INJUREDINDX,3,2023,125,,,,,,,,,
IT1:41_287_DF_DCIS_INDINCIDENT_2(1.0),A,ITC31,INJUREDINDX,9,2023,123.32657,,,,,,,,,
IT1:41_287_DF_DCIS_INDINCIDENT_2(1.0),A,ITC32,INJUREDINDX,1,2023,117.16247,,,,,,,,,
IT1:41_287_DF_DCIS_INDINCIDENT_2(1.0),A,ITC32,INJUREDINDX,2,2023,201.76991,,,,,,,,,
IT1:41_287_DF_DCIS_INDINCIDENT_2(1.0),A,ITC32,INJUREDINDX,3,2023,127.20588,,,,,,,,,
IT1:41_287_DF_DCIS_INDINCIDENT_2(1.0),A,ITC32,INJUREDINDX,9,2023,126.92613,,,,,,,,,
IT1:41_287_DF_DCIS_INDINCIDENT_2(1.0),A,ITC33,INJUREDINDX,1,2023,115.8231,,,,,,,,,
IT1:41_287_DF_DCIS_INDINCIDENT_2(1.0),A,ITC33,INJUREDINDX,2,2023,156.5097,,,,,,,,,
IT1:41_287_DF_DCIS_INDINCIDENT_2(1.0),A,ITC33,INJUREDINDX,3,2023,123.78049,,,,,,,,,
IT1:41_287_DF_DCIS_INDINCIDENT_2(1.0),A,ITC33,INJUREDINDX,9,2023,119.30359,,,,,,,,,
IT1:41_287_DF_DCIS_INDINCIDENT_2(1.0),A,ITC34,INJUREDINDX,1,2023,126.55039,,,,,,,,,
IT1:41_287_DF_DCIS_INDINCIDENT_2(1.0),A,ITC34,INJUREDINDX,2,2023,149.0566,,,,,,,,,
IT1:41_287_DF_DCIS_INDINCIDENT_2(1.0),A,ITC34,INJUREDINDX,3,2023,137.19008,,,,,,,,,
IT1:41_287_DF_DCIS_INDINCIDENT_2(1.0),A,ITC34,INJUREDINDX,9,2023,130.14493,,,,,,,,,
IT1:41_287_DF_DCIS_INDINCIDENT_2(1.0),A,ITC4,INJUREDINDX,1,2023,123.4755,,,,,,,,,
IT1:41_287_DF_DCIS_INDINCIDENT_2(1.0),A,ITC4,INJUREDINDX,2,2023,161.72356,,,,,,,,,
IT1:41_287_DF_DCIS_INDINCIDENT_2(1.0),A,ITC4,INJUREDINDX,3,2023,149.33466,,,,,,,,,
IT1:41_287_DF_DCIS_INDINCIDENT_2(1.0),A,ITC4,INJUREDINDX,9,2023,130.27749,,,,,,,,,
IT1:41_287_DF_DCIS_INDINCIDENT_2(1.0),A,ITC41,INJUREDINDX,1,2023,124.08801,,,,,,,,,
IT1:41_287_DF_DCIS_INDINCIDENT_2(1.0),A,ITC41,INJUREDINDX,2,2023,169.16667,,,,,,,,,
IT1:41_287_DF_DCIS_INDINCIDENT_2(1.0),A,ITC41,INJUREDINDX,3,2023,137.42331,,,,,,,,,
IT1:41_287_DF_DCIS_INDINCIDENT_2(1.0),A,ITC41,INJUREDINDX,9,2023,128.578,,,,,,,,,
IT1:41_287_DF_DCIS_INDINCIDENT_2(1.0),A,ITC42,INJUREDINDX,1,2023,127.15931,,,,,,,,,
IT1:41_287_DF_DCIS_INDINCIDENT_2(1.0),A,ITC42,INJUREDINDX,2,2023,147.61905,,,,,,,,,
IT1:41_287_DF_DCIS_INDINCIDENT_2(1.0),A,ITC42,INJUREDINDX,3,2023,141.31148,,,,,,,,,
IT1:41_287_DF_DCIS_INDINCIDENT_2(1.0),A,ITC42,INJUREDINDX,9,2023,130.88553,,,,,,,,,
IT1:41_287_DF_DCIS_INDINCIDENT_2(1.0),A,ITC43,INJUREDINDX,1,2023,122.9572,,,,,,,,,
IT1:41_287_DF_DCIS_INDINCIDENT_2(1.0),A,ITC43,INJUREDINDX,3,2023,153.7037,,,,,,,,,
IT1:41_287_DF_DCIS_INDINCIDENT_2(1.0),A,ITC43,INJUREDINDX,9,2023,133.54592,,,,,,,,,
IT1:41_287_DF_DCIS_INDINCIDENT_2(1.0),A,ITC44,INJUREDINDX,1,2023,138.11659,,,,,,,,,
IT1:41_287_DF_DCIS_INDINCIDENT_2(1.0),A,ITC44,INJUREDINDX,3,2023,164.43299,,,,,,,,,
IT1:41_287_DF_DCIS_INDINCIDENT_2(1.0),A,ITC44,INJUREDINDX,9,2023,150.35971,,,,,,,,,
IT1:41_287_DF_DCIS_INDINCIDENT_2(1.0),A,ITC45,INJUREDINDX,1,2023,122.59928,,,,,,,,,
IT1:41_287_DF_DCIS_INDINCIDENT_2(1.0),A,ITC45,INJUREDINDX,2,2023,154.07555,,,,,,,,,
IT1:41_287_DF_DCIS_INDINCIDENT_2(1.0),A,ITC45,INJUREDINDX,3,2023,146.68219,,,,,,,,,
IT1:41_287_DF_DCIS_INDINCIDENT_2(1.0),A,ITC45,INJUREDINDX,9,2023,126.69956,,,,,,,,,
IT1:41_287_DF_DCIS_INDINCIDENT_2(1.0),A,ITC46,INJUREDINDX,1,2023,121.54408,,,,,,,,,
IT1:41_287_DF_DCIS_INDINCIDENT_2(1.0),A,ITC46,INJUREDINDX,2,2023,168.96552,,,,,,,,,
IT1:41_287_DF_DCIS_INDINCIDENT_2(1.0),A,ITC46,INJUREDINDX,3,2023,153.35196,,,,,,,,,
IT1:41_287_DF_DCIS_INDINCIDENT_2(1.0),A,ITC46,INJUREDINDX,9,2023,131.43382,,,,,,,,,
IT1:41_287_DF_DCIS_INDINCIDENT_2(1.0),A,ITC47,INJUREDINDX,1,2023,125.42628,,,,,,,,,
IT1:41_287_DF_DCIS_INDINCIDENT_2(1.0),A,ITC47,INJUREDINDX,2,2023,183.98058,,,,,,,,,
IT1:41_287_DF_DCIS_INDINCIDENT_2(1.0),A,ITC47,INJUREDINDX,3,2023,153.74449,,,,,,,,,
IT1:41_287_DF_DCIS_INDINCIDENT_2(1.0),A,ITC47,INJUREDINDX,9,2023,136.30684,,,,,,,,,
IT1:41_287_DF_DCIS_INDINCIDENT_2(1.0),A,ITC48,INJUREDINDX,1,2023,129.73621,,,,,,,,,
IT1:41_287_DF_DCIS_INDINCIDENT_2(1.0),A,ITC48,INJUREDINDX,2,2023,169.89247,,,,,,,,,
IT1:41_287_DF_DCIS_INDINCIDENT_2(1.0),A,ITC48,INJUREDINDX,3,2023,146.77003,,,,,,,,,
IT1:41_287_DF_DCIS_INDINCIDENT_2(1.0),A,ITC48,INJUREDINDX,9,2023,137.59513,,,,,,,,,
IT1:41_287_DF_DCIS_INDINCIDENT_2(1.0),A,ITC49,INJUREDINDX,1,2023,121.03004,,,,,,,,,
IT1:41_287_DF_DCIS_INDINCIDENT_2(1.0),A,ITC49,INJUREDINDX,2,2023,186.44068,,,,,,,,,
IT1:41_287_DF_DCIS_INDINCIDENT_2(1.0),A,ITC49,INJUREDINDX,3,2023,158.44156,,,,,,,,,
IT1:41_287_DF_DCIS_INDINCIDENT_2(1.0),A,ITC49,INJUREDINDX,9,2023,142.6009,,,,,,,,,
IT1:41_287_DF_DCIS_INDINCIDENT_2(1.0),A,ITC4A,INJUREDINDX,1,2023,126.33229,,,,,,,,,
IT1:41_287_DF_DCIS_INDINCIDENT_2(1.0),A,ITC4A,INJUREDINDX,2,2023,137.5,,,,,,,,,
IT1:41_287_DF_DCIS_INDINCIDENT_2(1.0),A,ITC4A,INJUREDINDX,3,2023,148.10496,,,,,,,,,
IT1:41_287_DF_DCIS_INDINCIDENT_2(1.0),A,ITC4A,INJUREDINDX,9,2023,133.97371,,,,,,,,,
IT1:41_287_DF_DCIS_INDINCIDENT_2(1.0),A,ITC4B,INJUREDINDX,1,2023,128.07018,,,,,,,,,
IT1:41_287_DF_DCIS_INDINCIDENT_2(1.0),A,ITC4B,INJUREDINDX,2,2023,189.47368,,,,,,,,,
IT1:41_287_DF_DCIS_INDINCIDENT_2(1.0),A,ITC4B,INJUREDINDX,3,2023,149.87531,,,,,,,,,
IT1:41_287_DF_DCIS_INDINCIDENT_2(1.0),A,ITC4B,INJUREDINDX,9,2023,139.70588,,,,,,,,,
IT1:41_287_DF_DCIS_INDINCIDENT_2(1.0),A,ITD,INJUREDINDX,1,2023,123.75686,,,,,,,,,
IT1:41_287_DF_DCIS_INDINCIDENT_2(1.0),A,ITD,INJUREDINDX,2,2023,175.63124,,,,,,,,,
IT1:41_287_DF_DCIS_INDINCIDENT_2(1.0),A,ITD,INJUREDINDX,3,2023,142.83116,,,,,,,,,
IT1:41_287_DF_DCIS_INDINCIDENT_2(1.0),A,ITD,INJUREDINDX,9,2023,131.19888,,,,,,,,,
IT1:41_287_DF_DCIS_INDINCIDENT_2(1.0),A,ITD1,INJUREDINDX,1,2023,118.59155,,,,,,,,,
IT1:41_287_DF_DCIS_INDINCIDENT_2(1.0),A,ITD1,INJUREDINDX,2,2023,157.47126,,,,,,,,,
IT1:41_287_DF_DCIS_INDINCIDENT_2(1.0),A,ITD1,INJUREDINDX,3,2023,148.20847,,,,,,,,,
IT1:41_287_DF_DCIS_INDINCIDENT_2(1.0),A,ITD1,INJUREDINDX,9,2023,130.80408,,,,,,,,,
IT1:41_287_DF_DCIS_INDINCIDENT_2(1.0),A,ITD10,INJUREDINDX,1,2023,118.59155,,,,,,,,,
IT1:41_287_DF_DCIS_INDINCIDENT_2(1.0),A,ITD10,INJUREDINDX,2,2023,157.47126,,,,,,,,,
IT1:41_287_DF_DCIS_INDINCIDENT_2(1.0),A,ITD10,INJUREDINDX,3,2023,148.20847,,,,,,,,,
IT1:41_287_DF_DCIS_INDINCIDENT_2(1.0),A,ITD10,INJUREDINDX,9,2023,130.80408,,,,,,,,,
IT1:41_287_DF_DCIS_INDINCIDENT_2(1.0),A,ITD2,INJUREDINDX,1,2023,124.84663,,,,,,,,,
IT1:41_287_DF_DCIS_INDINCIDENT_2(1.0),A,ITD2,INJUREDINDX,2,2023,213.51351,,,,,,,,,
IT1:41_287_DF_DCIS_INDINCIDENT_2(1.0),A,ITD2,INJUREDINDX,3,2023,144.16667,,,,,,,,,
IT1:41_287_DF_DCIS_INDINCIDENT_2(1.0),A,ITD2,INJUREDINDX,9,2023,136.38479,,,,,,,,,
IT1:41_287_DF_DCIS_INDINCIDENT_2(1.0),A,ITD20,INJUREDINDX,1,2023,124.84663,,,,,,,,,
IT1:41_287_DF_DCIS_INDINCIDENT_2(1.0),A,ITD20,INJUREDINDX,2,2023,213.51351,,,,,,,,,
IT1:41_287_DF_DCIS_INDINCIDENT_2(1.0),A,ITD20,INJUREDINDX,3,2023,144.16667,,,,,,,,,
IT1:41_287_DF_DCIS_INDINCIDENT_2(1.0),A,ITD20,INJUREDINDX,9,2023,136.38479,,,,,,,,,
IT1:41_287_DF_DCIS_INDINCIDENT_2(1.0),A,ITD3,INJUREDINDX,1,2023,125.93761,,,,,,,,,
IT1:41_287_DF_DCIS_INDINCIDENT_2(1.0),A,ITD3,INJUREDINDX,2,2023,167.77003,,,,,,,,,
IT1:41_287_DF_DCIS_INDINCIDENT_2(1.0),A,ITD3,INJUREDINDX,3,2023,146.01024,,,,,,,,,
IT1:41_287_DF_DCIS_INDINCIDENT_2(1.0),A,ITD3,INJUREDINDX,9,2023,133.03585,,,,,,,,,
IT1:41_287_DF_DCIS_INDINCIDENT_2(1.0),A,ITD31,INJUREDINDX,1,2023,123.26829,,,,,,,,,
IT1:41_287_DF_DCIS_INDINCIDENT_2(1.0),A,ITD31,INJUREDINDX,2,2023,183.05085,,,,,,,,,
IT1:41_287_DF_DCIS_INDINCIDENT_2(1.0),A,ITD31,INJUREDINDX,3,2023,139.42161,,,,,,,,,
IT1:41_287_DF_DCIS_INDINCIDENT_2(1.0),A,ITD31,INJUREDINDX,9,2023,130.6172,,,,,,,,,
IT1:41_287_DF_DCIS_INDINCIDENT_2(1.0),A,ITD32,INJUREDINDX,1,2023,123.49166,,,,,,,,,
IT1:41_287_DF_DCIS_INDINCIDENT_2(1.0),A,ITD32,INJUREDINDX,2,2023,187.62887,,,,,,,,,
IT1:41_287_DF_DCIS_INDINCIDENT_2(1.0),A,ITD32,INJUREDINDX,3,2023,133.98693,,,,,,,,,
IT1:41_287_DF_DCIS_INDINCIDENT_2(1.0),A,ITD32,INJUREDINDX,9,2023,128.71334,,,,,,,,,
IT1:41_287_DF_DCIS_INDINCIDENT_2(1.0),A,ITD33,INJUREDINDX,1,2023,136.32479,,,,,,,,,
IT1:41_287_DF_DCIS_INDINCIDENT_2(1.0),A,ITD33,INJUREDINDX,2,2023,120,,,,,,,,,
IT1:41_287_DF_DCIS_INDINCIDENT_2(1.0),A,ITD33,INJUREDINDX,3,2023,147.36842,,,,,,,,,
IT1:41_287_DF_DCIS_INDINCIDENT_2(1.0),A,ITD33,INJUREDINDX,9,2023,141.02564,,,,,,,,,
IT1:41_287_DF_DCIS_INDINCIDENT_2(1.0),A,ITD34,INJUREDINDX,1,2023,130.58533,,,,,,,,,
IT1:41_287_DF_DCIS_INDINCIDENT_2(1.0),A,ITD34,INJUREDINDX,2,2023,154.6875,,,,,,,,,
IT1:41_287_DF_DCIS_INDINCIDENT_2(1.0),A,ITD34,INJUREDINDX,3,2023,148.02744,,,,,,,,,
IT1:41_287_DF_DCIS_INDINCIDENT_2(1.0),A,ITD34,INJUREDINDX,9,2023,136.88172,,,,,,,,,
IT1:41_287_DF_DCIS_INDINCIDENT_2(1.0),A,ITD35,INJUREDINDX,1,2023,128.60697,,,,,,,,,
IT1:41_287_DF_DCIS_INDINCIDENT_2(1.0),A,ITD35,INJUREDINDX,2,2023,139.2,,,,,,,,,
IT1:41_287_DF_DCIS_INDINCIDENT_2(1.0),A,ITD35,INJUREDINDX,3,2023,160.1626,,,,,,,,,
IT1:41_287_DF_DCIS_INDINCIDENT_2(1.0),A,ITD35,INJUREDINDX,9,2023,137.43612,,,,,,,,,
IT1:41_287_DF_DCIS_INDINCIDENT_2(1.0),A,ITD36,INJUREDINDX,1,2023,124.32859,,,,,,,,,
IT1:41_287_DF_DCIS_INDINCIDENT_2(1.0),A,ITD36,INJUREDINDX,2,2023,173.62637,,,,,,,,,
IT1:41_287_DF_DCIS_INDINCIDENT_2(1.0),A,ITD36,INJUREDINDX,3,2023,144.90818,,,,,,,,,
IT1:41_287_DF_DCIS_INDINCIDENT_2(1.0),A,ITD36,INJUREDINDX,9,2023,130.82271,,,,,,,,,
IT1:41_287_DF_DCIS_INDINCIDENT_2(1.0),A,ITD37,INJUREDINDX,1,2023,125.86751,,,,,,,,,
IT1:41_287_DF_DCIS_INDINCIDENT_2(1.0),A,ITD37,INJUREDINDX,2,2023,133.33333,,,,,,,,,
IT1:41_287_DF_DCIS_INDINCIDENT_2(1.0),A,ITD37,INJUREDINDX,3,2023,147.70642,,,,,,,,,
IT1:41_287_DF_DCIS_INDINCIDENT_2(1.0),A,ITD37,INJUREDINDX,9,2023,134.72727,,,,,,,,,
IT1:41_287_DF_DCIS_INDINCIDENT_2(1.0),A,ITD4,INJUREDINDX,1,2023,123.40045,,,,,,,,,
IT1:41_287_DF_DCIS_INDINCIDENT_2(1.0),A,ITD4,INJUREDINDX,2,2023,170.07299,,,,,,,,,
IT1:41_287_DF_DCIS_INDINCIDENT_2(1.0),A,ITD4,INJUREDINDX,3,2023,138.77301,,,,,,,,,
IT1:41_287_DF_DCIS_INDINCIDENT_2(1.0),A,ITD4,INJUREDINDX,9,2023,129.33794,,,,,,,,,
IT1:41_287_DF_DCIS_INDINCIDENT_2(1.0),A,ITD41,INJUREDINDX,1,2023,128.24601,,,,,,,,,
IT1:41_287_DF_DCIS_INDINCIDENT_2(1.0),A,ITD41,INJUREDINDX,2,2023,150,,,,,,,,,
IT1:41_287_DF_DCIS_INDINCIDENT_2(1.0),A,ITD41,INJUREDINDX,3,2023,138.26087,,,,,,,,,
IT1:41_287_DF_DCIS_INDINCIDENT_2(1.0),A,ITD41,INJUREDINDX,9,2023,132.22061,,,,,,,,,
IT1:41_287_DF_DCIS_INDINCIDENT_2(1.0),A,ITD42,INJUREDINDX,1,2023,122.7027,,,,,,,,,
IT1:41_287_DF_DCIS_INDINCIDENT_2(1.0),A,ITD42,INJUREDINDX,2,2023,179.59184,,,,,,,,,
IT1:41_287_DF_DCIS_INDINCIDENT_2(1.0),A,ITD42,INJUREDINDX,3,2023,139.95037,,,,,,,,,
IT1:41_287_DF_DCIS_INDINCIDENT_2(1.0),A,ITD42,INJUREDINDX,9,2023,130.87248,,,,,,,,,
IT1:41_287_DF_DCIS_INDINCIDENT_2(1.0),A,ITD43,INJUREDINDX,1,2023,124.35897,,,,,,,,,
IT1:41_287_DF_DCIS_INDINCIDENT_2(1.0),A,ITD43,INJUREDINDX,2,2023,196.42857,,,,,,,,,
IT1:41_287_DF_DCIS_INDINCIDENT_2(1.0),A,ITD43,INJUREDINDX,3,2023,154.05405,,,,,,,,,
IT1:41_287_DF_DCIS_INDINCIDENT_2(1.0),A,ITD43,INJUREDINDX,9,2023,134.54106,,,,,,,,,
IT1:41_287_DF_DCIS_INDINCIDENT_2(1.0),A,ITD44,INJUREDINDX,1,2023,120.83333,,,,,,,,,
IT1:41_287_DF_DCIS_INDINCIDENT_2(1.0),A,ITD44,INJUREDINDX,2,2023,150,,,,,,,,,
IT1:41_287_DF_DCIS_INDINCIDENT_2(1.0),A,ITD44,INJUREDINDX,3,2023,125,,,,,,,,,
IT1:41_287_DF_DCIS_INDINCIDENT_2(1.0),A,ITD44,INJUREDINDX,9,2023,122.64574,,,,,,,,,
IT1:41_287_DF_DCIS_INDINCIDENT_2(1.0),A,ITD5,INJUREDINDX,1,2023,122.6036,,,,,,,,,
IT1:41_287_DF_DCIS_INDINCIDENT_2(1.0),A,ITD5,INJUREDINDX,2,2023,181.91244,,,,,,,,,
IT1:41_287_DF_DCIS_INDINCIDENT_2(1.0),A,ITD5,INJUREDINDX,3,2023,139.98999,,,,,,,,,
IT1:41_287_DF_DCIS_INDINCIDENT_2(1.0),A,ITD5,INJUREDINDX,9,2023,129.79951,,,,,,,,,
IT1:41_287_DF_DCIS_INDINCIDENT_2(1.0),A,ITD51,INJUREDINDX,1,2023,121.16992,,,,,,,,,
IT1:41_287_DF_DCIS_INDINCIDENT_2(1.0),A,ITD51,INJUREDINDX,2,2023,176.05634,,,,,,,,,
IT1:41_287_DF_DCIS_INDINCIDENT_2(1.0),A,ITD51,INJUREDINDX,3,2023,125.78397,,,,,,,,,
IT1:41_287_DF_DCIS_INDINCIDENT_2(1.0),A,ITD51,INJUREDINDX,9,2023,126.0223,,,,,,,,,
IT1:41_287_DF_DCIS_INDINCIDENT_2(1.0),A,ITD52,INJUREDINDX,1,2023,120.66298,,,,,,,,,
IT1:41_287_DF_DCIS_INDINCIDENT_2(1.0),A,ITD52,INJUREDINDX,2,2023,164.19753,,,,,,,,,
IT1:41_287_DF_DCIS_INDINCIDENT_2(1.0),A,ITD52,INJUREDINDX,3,2023,140.17857,,,,,,,,,
IT1:41_287_DF_DCIS_INDINCIDENT_2(1.0),A,ITD52,INJUREDINDX,9,2023,129.21897,,,,,,,,,
IT1:41_287_DF_DCIS_INDINCIDENT_2(1.0),A,ITD53,INJUREDINDX,1,2023,125.30864,,,,,,,,,
IT1:41_287_DF_DCIS_INDINCIDENT_2(1.0),A,ITD53,INJUREDINDX,2,2023,188.52459,,,,,,,,,
IT1:41_287_DF_DCIS_INDINCIDENT_2(1.0),A,ITD53,INJUREDINDX,3,2023,147.02842,,,,,,,,,
IT1:41_287_DF_DCIS_INDINCIDENT_2(1.0),A,ITD53,INJUREDINDX,9,2023,132.33945,,,,,,,,,
IT1:41_287_DF_DCIS_INDINCIDENT_2(1.0),A,ITD54,INJUREDINDX,1,2023,124.50081,,,,,,,,,
IT1:41_287_DF_DCIS_INDINCIDENT_2(1.0),A,ITD54,INJUREDINDX,2,2023,202.08333,,,,,,,,,
IT1:41_287_DF_DCIS_INDINCIDENT_2(1.0),A,ITD54,INJUREDINDX,3,2023,137.91045,,,,,,,,,
IT1:41_287_DF_DCIS_INDINCIDENT_2(1.0),A,ITD54,INJUREDINDX,9,2023,130.77511,,,,,,,,,
IT1:41_287_DF_DCIS_INDINCIDENT_2(1.0),A,ITD55,INJUREDINDX,1,2023,123.28767,,,,,,,,,
IT1:41_287_DF_DCIS_INDINCIDENT_2(1.0),A,ITD55,INJUREDINDX,2,2023,182.27513,,,,,,,,,
IT1:41_287_DF_DCIS_INDINCIDENT_2(1.0),A,ITD55,INJUREDINDX,3,2023,142.15305,,,,,,,,,
IT1:41_287_DF_DCIS_INDINCIDENT_2(1.0),A,ITD55,INJUREDINDX,9,2023,132.3421,,,,,,,,,
IT1:41_287_DF_DCIS_INDINCIDENT_2(1.0),A,ITD56,INJUREDINDX,1,2023,121.98221,,,,,,,,,
IT1:41_287_DF_DCIS_INDINCIDENT_2(1.0),A,ITD56,INJUREDINDX,2,2023,202.43902,,,,,,,,,
IT1:41_287_DF_DCIS_INDINCIDENT_2(1.0),A,ITD56,INJUREDINDX,3,2023,149.46996,,,,,,,,,
IT1:41_287_DF_DCIS_INDINCIDENT_2(1.0),A,ITD56,INJUREDINDX,9,2023,131.9532,,,,,,,,,
IT1:41_287_DF_DCIS_INDINCIDENT_2(1.0),A,ITD57,INJUREDINDX,1,2023,121.42857,,,,,,,,,
IT1:41_287_DF_DCIS_INDINCIDENT_2(1.0),A,ITD57,INJUREDINDX,2,2023,179.31034,,,,,,,,,
IT1:41_287_DF_DCIS_INDINCIDENT_2(1.0),A,ITD57,INJUREDINDX,3,2023,143.8835,,,,,,,,,
IT1:41_287_DF_DCIS_INDINCIDENT_2(1.0),A,ITD57,INJUREDINDX,9,2023,130.54368,,,,,,,,,
IT1:41_287_DF_DCIS_INDINCIDENT_2(1.0),A,ITD58,INJUREDINDX,1,2023,120,,,,,,,,,
IT1:41_287_DF_DCIS_INDINCIDENT_2(1.0),A,ITD58,INJUREDINDX,2,2023,178.7234,,,,,,,,,
IT1:41_287_DF_DCIS_INDINCIDENT_2(1.0),A,ITD58,INJUREDINDX,3,2023,134.3662,,,,,,,,,
IT1:41_287_DF_DCIS_INDINCIDENT_2(1.0),A,ITD58,INJUREDINDX,9,2023,125.23302,,,,,,,,,
IT1:41_287_DF_DCIS_INDINCIDENT_2(1.0),A,ITD59,INJUREDINDX,1,2023,121.35177,,,,,,,,,
IT1:41_287_DF_DCIS_INDINCIDENT_2(1.0),A,ITD59,INJUREDINDX,2,2023,148.57143,,,,,,,,,
IT1:41_287_DF_DCIS_INDINCIDENT_2(1.0),A,ITD59,INJUREDINDX,3,2023,133.92857,,,,,,,,,
IT1:41_287_DF_DCIS_INDINCIDENT_2(1.0),A,ITD59,INJUREDINDX,9,2023,124.11874,,,,,,,,,
IT1:41_287_DF_DCIS_INDINCIDENT_2(1.0),A,ITDA,INJUREDINDX,1,2023,120.9668,,,,,,,,,
IT1:41_287_DF_DCIS_INDINCIDENT_2(1.0),A,ITDA,INJUREDINDX,2,2023,174.19355,,,,,,,,,
IT1:41_287_DF_DCIS_INDINCIDENT_2(1.0),A,ITDA,INJUREDINDX,3,2023,146.21087,,,,,,,,,
IT1:41_287_DF_DCIS_INDINCIDENT_2(1.0),A,ITDA,INJUREDINDX,9,2023,133.15876,,,,,,,,,
IT1:41_287_DF_DCIS_INDINCIDENT_2(1.0),A,ITE,INJUREDINDX,1,2023,124.89104,,,,,,,,,
IT1:41_287_DF_DCIS_INDINCIDENT_2(1.0),A,ITE,INJUREDINDX,2,2023,156.40669,,,,,,,,,
IT1:41_287_DF_DCIS_INDINCIDENT_2(1.0),A,ITE,INJUREDINDX,3,2023,149.28598,,,,,,,,,
IT1:41_287_DF_DCIS_INDINCIDENT_2(1.0),A,ITE,INJUREDINDX,9,2023,131.17013,,,,,,,,,
IT1:41_287_DF_DCIS_INDINCIDENT_2(1.0),A,ITE1,INJUREDINDX,1,2023,122.10336,,,,,,,,,
IT1:41_287_DF_DCIS_INDINCIDENT_2(1.0),A,ITE1,INJUREDINDX,2,2023,164.67662,,,,,,,,,
IT1:41_287_DF_DCIS_INDINCIDENT_2(1.0),A,ITE1,INJUREDINDX,3,2023,144.32275,,,,,,,,,
IT1:41_287_DF_DCIS_INDINCIDENT_2(1.0),A,ITE1,INJUREDINDX,9,2023,127.89794,,,,,,,,,
IT1:41_287_DF_DCIS_INDINCIDENT_2(1.0),A,ITE11,INJUREDINDX,1,2023,129.55882,,,,,,,,,
IT1:41_287_DF_DCIS_INDINCIDENT_2(1.0),A,ITE11,INJUREDINDX,2,2023,175.75758,,,,,,,,,
IT1:41_287_DF_DCIS_INDINCIDENT_2(1.0),A,ITE11,INJUREDINDX,3,2023,168.42105,,,,,,,,,
IT1:41_287_DF_DCIS_INDINCIDENT_2(1.0),A,ITE11,INJUREDINDX,9,2023,136.01485,,,,,,,,,
IT1:41_287_DF_DCIS_INDINCIDENT_2(1.0),A,ITE12,INJUREDINDX,1,2023,125.21127,,,,,,,,,
IT1:41_287_DF_DCIS_INDINCIDENT_2(1.0),A,ITE12,INJUREDINDX,2,2023,169.76744,,,,,,,,,
IT1:41_287_DF_DCIS_INDINCIDENT_2(1.0),A,ITE12,INJUREDINDX,3,2023,138.23529,,,,,,,,,
IT1:41_287_DF_DCIS_INDINCIDENT_2(1.0),A,ITE12,INJUREDINDX,9,2023,128.81862,,,,,,,,,
IT1:41_287_DF_DCIS_INDINCIDENT_2(1.0),A,ITE13,INJUREDINDX,1,2023,127.20365,,,,,,,,,
IT1:41_287_DF_DCIS_INDINCIDENT_2(1.0),A,ITE13,INJUREDINDX,2,2023,156.52174,,,,,,,,,
IT1:41_287_DF_DCIS_INDINCIDENT_2(1.0),A,ITE13,INJUREDINDX,3,2023,141.20172,,,,,,,,,
IT1:41_287_DF_DCIS_INDINCIDENT_2(1.0),A,ITE13,INJUREDINDX,9,2023,132.1238,,,,,,,,,
IT1:41_287_DF_DCIS_INDINCIDENT_2(1.0),A,ITE14,INJUREDINDX,1,2023,118.12166,,,,,,,,,
IT1:41_287_DF_DCIS_INDINCIDENT_2(1.0),A,ITE14,INJUREDINDX,2,2023,169.31818,,,,,,,,,
IT1:41_287_DF_DCIS_INDINCIDENT_2(1.0),A,ITE14,INJUREDINDX,3,2023,136.42757,,,,,,,,,
IT1:41_287_DF_DCIS_INDINCIDENT_2(1.0),A,ITE14,INJUREDINDX,9,2023,123.53181,,,,,,,,,
IT1:41_287_DF_DCIS_INDINCIDENT_2(1.0),A,ITE15,INJUREDINDX,1,2023,116.22857,,,,,,,,,
IT1:41_287_DF_DCIS_INDINCIDENT_2(1.0),A,ITE15,INJUREDINDX,2,2023,129.16667,,,,,,,,,
IT1:41_287_DF_DCIS_INDINCIDENT_2(1.0),A,ITE15,INJUREDINDX,3,2023,153.57143,,,,,,,,,
IT1:41_287_DF_DCIS_INDINCIDENT_2(1.0),A,ITE15,INJUREDINDX,9,2023,117.69148,,,,,,,,,
IT1:41_287_DF_DCIS_INDINCIDENT_2(1.0),A,ITE16,INJUREDINDX,1,2023,122.77448,,,,,,,,,
IT1:41_287_DF_DCIS_INDINCIDENT_2(1.0),A,ITE16,INJUREDINDX,2,2023,158.33333,,,,,,,,,
IT1:41_287_DF_DCIS_INDINCIDENT_2(1.0),A,ITE16,INJUREDINDX,3,2023,150.73529,,,,,,,,,
IT1:41_287_DF_DCIS_INDINCIDENT_2(1.0),A,ITE16,INJUREDINDX,9,2023,127.69608,,,,,,,,,
IT1:41_287_DF_DCIS_INDINCIDENT_2(1.0),A,ITE17,INJUREDINDX,1,2023,128.14748,,,,,,,,,
IT1:41_287_DF_DCIS_INDINCIDENT_2(1.0),A,ITE17,INJUREDINDX,2,2023,162.96296,,,,,,,,,
IT1:41_287_DF_DCIS_INDINCIDENT_2(1.0),A,ITE17,INJUREDINDX,3,2023,144.36451,,,,,,,,,
IT1:41_287_DF_DCIS_INDINCIDENT_2(1.0),A,ITE17,INJUREDINDX,9,2023,133.09769,,,,,,,,,
IT1:41_287_DF_DCIS_INDINCIDENT_2(1.0),A,ITE18,INJUREDINDX,1,2023,123.88316,,,,,,,,,
IT1:41_287_DF_DCIS_INDINCIDENT_2(1.0),A,ITE18,INJUREDINDX,2,2023,164.28571,,,,,,,,,
IT1:41_287_DF_DCIS_INDINCIDENT_2(1.0),A,ITE18,INJUREDINDX,3,2023,141.2766,,,,,,,,,
IT1:41_287_DF_DCIS_INDINCIDENT_2(1.0),A,ITE18,INJUREDINDX,9,2023,131.15693,,,,,,,,,
IT1:41_287_DF_DCIS_INDINCIDENT_2(1.0),A,ITE19,INJUREDINDX,1,2023,118.85965,,,,,,,,,
IT1:41_287_DF_DCIS_INDINCIDENT_2(1.0),A,ITE19,INJUREDINDX,2,2023,152.72727,,,,,,,,,
IT1:41_287_DF_DCIS_INDINCIDENT_2(1.0),A,ITE19,INJUREDINDX,3,2023,146.45669,,,,,,,,,
IT1:41_287_DF_DCIS_INDINCIDENT_2(1.0),A,ITE19,INJUREDINDX,9,2023,130.45752,,,,,,,,,
IT1:41_287_DF_DCIS_INDINCIDENT_2(1.0),A,ITE1A,INJUREDINDX,1,2023,123.54049,,,,,,,,,
IT1:41_287_DF_DCIS_INDINCIDENT_2(1.0),A,ITE1A,INJUREDINDX,3,2023,154.32099,,,,,,,,,
IT1:41_287_DF_DCIS_INDINCIDENT_2(1.0),A,ITE1A,INJUREDINDX,9,2023,135.20468,,,,,,,,,
IT1:41_287_DF_DCIS_INDINCIDENT_2(1.0),A,ITE2,INJUREDINDX,1,2023,132.24711,,,,,,,,,
IT1:41_287_DF_DCIS_INDINCIDENT_2(1.0),A,ITE2,INJUREDINDX,2,2023,142.59259,,,,,,,,,
IT1:41_287_DF_DCIS_INDINCIDENT_2(1.0),A,ITE2,INJUREDINDX,3,2023,147.92561,,,,,,,,,
IT1:41_287_DF_DCIS_INDINCIDENT_2(1.0),A,ITE2,INJUREDINDX,9,2023,137.54386,,,,,,,,,
IT1:41_287_DF_DCIS_INDINCIDENT_2(1.0),A,ITE21,INJUREDINDX,1,2023,133.93708,,,,,,,,,
IT1:41_287_DF_DCIS_INDINCIDENT_2(1.0),A,ITE21,INJUREDINDX,2,2023,146.05263,,,,,,,,,
IT1:41_287_DF_DCIS_INDINCIDENT_2(1.0),A,ITE21,INJUREDINDX,3,2023,150.65913,,,,,,,,,
IT1:41_287_DF_DCIS_INDINCIDENT_2(1.0),A,ITE21,INJUREDINDX,9,2023,139.85507,,,,,,,,,
IT1:41_287_DF_DCIS_INDINCIDENT_2(1.0),A,ITE22,INJUREDINDX,1,2023,128.06604,,,,,,,,,
IT1:41_287_DF_DCIS_INDINCIDENT_2(1.0),A,ITE22,INJUREDINDX,2,2023,134.375,,,,,,,,,
IT1:41_287_DF_DCIS_INDINCIDENT_2(1.0),A,ITE22,INJUREDINDX,3,2023,139.28571,,,,,,,,,
IT1:41_287_DF_DCIS_INDINCIDENT_2(1.0),A,ITE22,INJUREDINDX,9,2023,131.41026,,,,,,,,,
IT1:41_287_DF_DCIS_INDINCIDENT_2(1.0),A,ITE3,INJUREDINDX,1,2023,127.74194,,,,,,,,,
IT1:41_287_DF_DCIS_INDINCIDENT_2(1.0),A,ITE3,INJUREDINDX,2,2023,162.5731,,,,,,,,,
IT1:41_287_DF_DCIS_INDINCIDENT_2(1.0),A,ITE3,INJUREDINDX,3,2023,152.21818,,,,,,,,,
IT1:41_287_DF_DCIS_INDINCIDENT_2(1.0),A,ITE3,INJUREDINDX,9,2023,135.73446,,,,,,,,,
IT1:41_287_DF_DCIS_INDINCIDENT_2(1.0),A,ITE31,INJUREDINDX,1,2023,123.54312,,,,,,,,,
IT1:41_287_DF_DCIS_INDINCIDENT_2(1.0),A,ITE31,INJUREDINDX,2,2023,160,,,,,,,,,
IT1:41_287_DF_DCIS_INDINCIDENT_2(1.0),A,ITE31,INJUREDINDX,3,2023,145.19231,,,,,,,,,
IT1:41_287_DF_DCIS_INDINCIDENT_2(1.0),A,ITE31,INJUREDINDX,9,2023,129.83193,,,,,,,,,
IT1:41_287_DF_DCIS_INDINCIDENT_2(1.0),A,ITE32,INJUREDINDX,1,2023,126.49648,,,,,,,,,
IT1:41_287_DF_DCIS_INDINCIDENT_2(1.0),A,ITE32,INJUREDINDX,2,2023,173.68421,,,,,,,,,
IT1:41_287_DF_DCIS_INDINCIDENT_2(1.0),A,ITE32,INJUREDINDX,3,2023,153.25,,,,,,,,,
IT1:41_287_DF_DCIS_INDINCIDENT_2(1.0),A,ITE32,INJUREDINDX,9,2023,134.43456,,,,,,,,,
IT1:41_287_DF_DCIS_INDINCIDENT_2(1.0),A,ITE33,INJUREDINDX,1,2023,139.37282,,,,,,,,,
IT1:41_287_DF_DCIS_INDINCIDENT_2(1.0),A,ITE33,INJUREDINDX,2,2023,175,,,,,,,,,
IT1:41_287_DF_DCIS_INDINCIDENT_2(1.0),A,ITE33,INJUREDINDX,3,2023,154.37666,,,,,,,,,
IT1:41_287_DF_DCIS_INDINCIDENT_2(1.0),A,ITE33,INJUREDINDX,9,2023,145.81179,,,,,,,,,
IT1:41_287_DF_DCIS_INDINCIDENT_2(1.0),A,ITE34,INJUREDINDX,1,2023,122.75335,,,,,,,,,
IT1:41_287_DF_DCIS_INDINCIDENT_2(1.0),A,ITE34,INJUREDINDX,2,2023,147.45763,,,,,,,,,
IT1:41_287_DF_DCIS_INDINCIDENT_2(1.0),A,ITE34,INJUREDINDX,3,2023,140.51724,,,,,,,,,
IT1:41_287_DF_DCIS_INDINCIDENT_2(1.0),A,ITE34,INJUREDINDX,9,2023,127.7937,,,,,,,,,
IT1:41_287_DF_DCIS_INDINCIDENT_2(1.0),A,ITE4,INJUREDINDX,1,2023,125.6535,,,,,,,,,
IT1:41_287_DF_DCIS_INDINCIDENT_2(1.0),A,ITE4,INJUREDINDX,2,2023,152.83019,,,,,,,,,
IT1:41_287_DF_DCIS_INDINCIDENT_2(1.0),A,ITE4,INJUREDINDX,3,2023,152.53086,,,,,,,,,
IT1:41_287_DF_DCIS_INDINCIDENT_2(1.0),A,ITE4,INJUREDINDX,9,2023,131.75774,,,,,,,,,
IT1:41_287_DF_DCIS_INDINCIDENT_2(1.0),A,ITE41,INJUREDINDX,1,2023,128.125,,,,,,,,,
IT1:41_287_DF_DCIS_INDINCIDENT_2(1.0),A,ITE41,INJUREDINDX,2,2023,176.19048,,,,,,,,,
IT1:41_287_DF_DCIS_INDINCIDENT_2(1.0),A,ITE41,INJUREDINDX,3,2023,156.9863,,,,,,,,,
IT1:41_287_DF_DCIS_INDINCIDENT_2(1.0),A,ITE41,INJUREDINDX,9,2023,142.5187,,,,,,,,,
IT1:41_287_DF_DCIS_INDINCIDENT_2(1.0),A,ITE42,INJUREDINDX,1,2023,141.04046,,,,,,,,,
IT1:41_287_DF_DCIS_INDINCIDENT_2(1.0),A,ITE42,INJUREDINDX,2,2023,150,,,,,,,,,
IT1:41_287_DF_DCIS_INDINCIDENT_2(1.0),A,ITE42,INJUREDINDX,3,2023,158.01105,,,,,,,,,
IT1:41_287_DF_DCIS_INDINCIDENT_2(1.0),A,ITE42,INJUREDINDX,9,2023,149.73118,,,,,,,,,
IT1:41_287_DF_DCIS_INDINCIDENT_2(1.0),A,ITE43,INJUREDINDX,1,2023,123.70631,,,,,,,,,
IT1:41_287_DF_DCIS_INDINCIDENT_2(1.0),A,ITE43,INJUREDINDX,2,2023,146.55647,,,,,,,,,
IT1:41_287_DF_DCIS_INDINCIDENT_2(1.0),A,ITE43,INJUREDINDX,3,2023,143.82641,,,,,,,,,
IT1:41_287_DF_DCIS_INDINCIDENT_2(1.0),A,ITE43,INJUREDINDX,9,2023,127.30556,,,,,,,,,
IT1:41_287_DF_DCIS_INDINCIDENT_2(1.0),A,ITE44,INJUREDINDX,1,2023,136.1167,,,,,,,,,
IT1:41_287_DF_DCIS_INDINCIDENT_2(1.0),A,ITE44,INJUREDINDX,3,2023,159.26471,,,,,,,,,
IT1:41_287_DF_DCIS_INDINCIDENT_2(1.0),A,ITE44,INJUREDINDX,9,2023,145.51971,,,,,,,,,
IT1:41_287_DF_DCIS_INDINCIDENT_2(1.0),A,ITE45,INJUREDINDX,1,2023,149.4,,,,,,,,,
IT1:41_287_DF_DCIS_INDINCIDENT_2(1.0),A,ITE45,INJUREDINDX,2,2023,197.22222,,,,,,,,,
IT1:41_287_DF_DCIS_INDINCIDENT_2(1.0),A,ITE45,INJUREDINDX,3,2023,171.16402,,,,,,,,,
IT1:41_287_DF_DCIS_INDINCIDENT_2(1.0),A,ITE45,INJUREDINDX,9,2023,164.18787,,,,,,,,,
IT1:41_287_DF_DCIS_INDINCIDENT_2(1.0),A,ITF,INJUREDINDX,1,2023,139.51524,,,,,,,,,
IT1:41_287_DF_DCIS_INDINCIDENT_2(1.0),A,ITF,INJUREDINDX,2,2023,165.13975,,,,,,,,,
IT1:41_287_DF_DCIS_INDINCIDENT_2(1.0),A,ITF,INJUREDINDX,3,2023,166.81441,,,,,,,,,
IT1:41_287_DF_DCIS_INDINCIDENT_2(1.0),A,ITF,INJUREDINDX,9,2023,147.70508,,,,,,,,,
IT1:41_287_DF_DCIS_INDINCIDENT_2(1.0),A,ITF1,INJUREDINDX,1,2023,131.47029,,,,,,,,,
IT1:41_287_DF_DCIS_INDINCIDENT_2(1.0),A,ITF1,INJUREDINDX,2,2023,173.24561,,,,,,,,,
IT1:41_287_DF_DCIS_INDINCIDENT_2(1.0),A,ITF1,INJUREDINDX,3,2023,151.18421,,,,,,,,,
IT1:41_287_DF_DCIS_INDINCIDENT_2(1.0),A,ITF1,INJUREDINDX,9,2023,139.71083,,,,,,,,,
IT1:41_287_DF_DCIS_INDINCIDENT_2(1.0),A,ITF11,INJUREDINDX,1,2023,142.40506,,,,,,,,,
IT1:41_287_DF_DCIS_INDINCIDENT_2(1.0),A,ITF11,INJUREDINDX,2,2023,178.84615,,,,,,,,,
IT1:41_287_DF_DCIS_INDINCIDENT_2(1.0),A,ITF11,INJUREDINDX,3,2023,149.76077,,,,,,,,,
IT1:41_287_DF_DCIS_INDINCIDENT_2(1.0),A,ITF11,INJUREDINDX,9,2023,148.35355,,,,,,,,,
IT1:41_287_DF_DCIS_INDINCIDENT_2(1.0),A,ITF12,INJUREDINDX,1,2023,133.54839,,,,,,,,,
IT1:41_287_DF_DCIS_INDINCIDENT_2(1.0),A,ITF12,INJUREDINDX,2,2023,179.72973,,,,,,,,,
IT1:41_287_DF_DCIS_INDINCIDENT_2(1.0),A,ITF12,INJUREDINDX,3,2023,148.58491,,,,,,,,,
IT1:41_287_DF_DCIS_INDINCIDENT_2(1.0),A,ITF12,INJUREDINDX,9,2023,142.34354,,,,,,,,,
IT1:41_287_DF_DCIS_INDINCIDENT_2(1.0),A,ITF13,INJUREDINDX,1,2023,124.45946,,,,,,,,,
IT1:41_287_DF_DCIS_INDINCIDENT_2(1.0),A,ITF13,INJUREDINDX,2,2023,137.93103,,,,,,,,,
IT1:41_287_DF_DCIS_INDINCIDENT_2(1.0),A,ITF13,INJUREDINDX,3,2023,144.34783,,,,,,,,,
IT1:41_287_DF_DCIS_INDINCIDENT_2(1.0),A,ITF13,INJUREDINDX,9,2023,127.48869,,,,,,,,,
IT1:41_287_DF_DCIS_INDINCIDENT_2(1.0),A,ITF14,INJUREDINDX,1,2023,133.11828,,,,,,,,,
IT1:41_287_DF_DCIS_INDINCIDENT_2(1.0),A,ITF14,INJUREDINDX,2,2023,176.71233,,,,,,,,,
IT1:41_287_DF_DCIS_INDINCIDENT_2(1.0),A,ITF14,INJUREDINDX,3,2023,158.48214,,,,,,,,,
IT1:41_287_DF_DCIS_INDINCIDENT_2(1.0),A,ITF14,INJUREDINDX,9,2023,144.75066,,,,,,,,,
IT1:41_287_DF_DCIS_INDINCIDENT_2(1.0),A,ITF2,INJUREDINDX,1,2023,137.16475,,,,,,,,,
IT1:41_287_DF_DCIS_INDINCIDENT_2(1.0),A,ITF2,INJUREDINDX,2,2023,200,,,,,,,,,
IT1:41_287_DF_DCIS_INDINCIDENT_2(1.0),A,ITF2,INJUREDINDX,3,2023,175,,,,,,,,,
IT1:41_287_DF_DCIS_INDINCIDENT_2(1.0),A,ITF2,INJUREDINDX,9,2023,154.83193,,,,,,,,,
IT1:41_287_DF_DCIS_INDINCIDENT_2(1.0),A,ITF21,INJUREDINDX,1,2023,146.9697,,,,,,,,,
IT1:41_287_DF_DCIS_INDINCIDENT_2(1.0),A,ITF21,INJUREDINDX,3,2023,153.40909,,,,,,,,,
IT1:41_287_DF_DCIS_INDINCIDENT_2(1.0),A,ITF21,INJUREDINDX,9,2023,150.64935,,,,,,,,,
IT1:41_287_DF_DCIS_INDINCIDENT_2(1.0),A,ITF22,INJUREDINDX,1,2023,133.84615,,,,,,,,,
IT1:41_287_DF_DCIS_INDINCIDENT_2(1.0),A,ITF22,INJUREDINDX,2,2023,200,,,,,,,,,
IT1:41_287_DF_DCIS_INDINCIDENT_2(1.0),A,ITF22,INJUREDINDX,3,2023,191.37931,,,,,,,,,
IT1:41_287_DF_DCIS_INDINCIDENT_2(1.0),A,ITF22,INJUREDINDX,9,2023,156.8323,,,,,,,,,
IT1:41_287_DF_DCIS_INDINCIDENT_2(1.0),A,ITF3,INJUREDINDX,1,2023,137.69089,,,,,,,,,
IT1:41_287_DF_DCIS_INDINCIDENT_2(1.0),A,ITF3,INJUREDINDX,2,2023,157.74457,,,,,,,,,
IT1:41_287_DF_DCIS_INDINCIDENT_2(1.0),A,ITF3,INJUREDINDX,3,2023,160,,,,,,,,,
IT1:41_287_DF_DCIS_INDINCIDENT_2(1.0),A,ITF3,INJUREDINDX,9,2023,143.29233,,,,,,,,,
IT1:41_287_DF_DCIS_INDINCIDENT_2(1.0),A,ITF31,INJUREDINDX,1,2023,145.40816,,,,,,,,,
IT1:41_287_DF_DCIS_INDINCIDENT_2(1.0),A,ITF31,INJUREDINDX,2,2023,192.55319,,,,,,,,,
IT1:41_287_DF_DCIS_INDINCIDENT_2(1.0),A,ITF31,INJUREDINDX,3,2023,175.78947,,,,,,,,,
IT1:41_287_DF_DCIS_INDINCIDENT_2(1.0),A,ITF31,INJUREDINDX,9,2023,156.39615,,,,,,,,,
IT1:41_287_DF_DCIS_INDINCIDENT_2(1.0),A,ITF32,INJUREDINDX,1,2023,138.17204,,,,,,,,,
IT1:41_287_DF_DCIS_INDINCIDENT_2(1.0),A,ITF32,INJUREDINDX,2,2023,150,,,,,,,,,
IT1:41_287_DF_DCIS_INDINCIDENT_2(1.0),A,ITF32,INJUREDINDX,3,2023,169.52381,,,,,,,,,
IT1:41_287_DF_DCIS_INDINCIDENT_2(1.0),A,ITF32,INJUREDINDX,9,2023,149.48805,,,,,,,,,
IT1:41_287_DF_DCIS_INDINCIDENT_2(1.0),A,ITF33,INJUREDINDX,1,2023,133.72453,,,,,,,,,
IT1:41_287_DF_DCIS_INDINCIDENT_2(1.0),A,ITF33,INJUREDINDX,2,2023,149.8645,,,,,,,,,
IT1:41_287_DF_DCIS_INDINCIDENT_2(1.0),A,ITF33,INJUREDINDX,3,2023,149.34087,,,,,,,,,
IT1:41_287_DF_DCIS_INDINCIDENT_2(1.0),A,ITF33,INJUREDINDX,9,2023,136.35524,,,,,,,,,
IT1:41_287_DF_DCIS_INDINCIDENT_2(1.0),A,ITF34,INJUREDINDX,1,2023,140.15152,,,,,,,,,
IT1:41_287_DF_DCIS_INDINCIDENT_2(1.0),A,ITF34,INJUREDINDX,2,2023,149.09091,,,,,,,,,
IT1:41_287_DF_DCIS_INDINCIDENT_2(1.0),A,ITF34,INJUREDINDX,3,2023,162.31884,,,,,,,,,
IT1:41_287_DF_DCIS_INDINCIDENT_2(1.0),A,ITF34,INJUREDINDX,9,2023,149.80989,,,,,,,,,
IT1:41_287_DF_DCIS_INDINCIDENT_2(1.0),A,ITF35,INJUREDINDX,1,2023,143.51515,,,,,,,,,
IT1:41_287_DF_DCIS_INDINCIDENT_2(1.0),A,ITF35,INJUREDINDX,2,2023,158.33333,,,,,,,,,
IT1:41_287_DF_DCIS_INDINCIDENT_2(1.0),A,ITF35,INJUREDINDX,3,2023,157.3508,,,,,,,,,
IT1:41_287_DF_DCIS_INDINCIDENT_2(1.0),A,ITF35,INJUREDINDX,9,2023,148.49197,,,,,,,,,
IT1:41_287_DF_DCIS_INDINCIDENT_2(1.0),A,ITF4,INJUREDINDX,1,2023,143.57358,,,,,,,,,
IT1:41_287_DF_DCIS_INDINCIDENT_2(1.0),A,ITF4,INJUREDINDX,2,2023,201.49254,,,,,,,,,
IT1:41_287_DF_DCIS_INDINCIDENT_2(1.0),A,ITF4,INJUREDINDX,3,2023,170.2896,,,,,,,,,
IT1:41_287_DF_DCIS_INDINCIDENT_2(1.0),A,ITF4,INJUREDINDX,9,2023,151.55948,,,,,,,,,
IT1:41_287_DF_DCIS_INDINCIDENT_2(1.0),A,ITF41,INJUREDINDX,1,2023,154.50062,,,,,,,,,
IT1:41_287_DF_DCIS_INDINCIDENT_2(1.0),A,ITF41,INJUREDINDX,2,2023,211.76471,,,,,,,,,
IT1:41_287_DF_DCIS_INDINCIDENT_2(1.0),A,ITF41,INJUREDINDX,3,2023,191.08108,,,,,,,,,
IT1:41_287_DF_DCIS_INDINCIDENT_2(1.0),A,ITF41,INJUREDINDX,9,2023,167.2428,,,,,,,,,
IT1:41_287_DF_DCIS_INDINCIDENT_2(1.0),A,ITF42,INJUREDINDX,1,2023,140.20456,,,,,,,,,
IT1:41_287_DF_DCIS_INDINCIDENT_2(1.0),A,ITF42,INJUREDINDX,2,2023,225,,,,,,,,,
IT1:41_287_DF_DCIS_INDINCIDENT_2(1.0),A,ITF42,INJUREDINDX,3,2023,169.78852,,,,,,,,,
IT1:41_287_DF_DCIS_INDINCIDENT_2(1.0),A,ITF42,INJUREDINDX,9,2023,148.85948,,,,,,,,,
IT1:41_287_DF_DCIS_INDINCIDENT_2(1.0),A,ITF43,INJUREDINDX,1,2023,148.57668,,,,,,,,,
IT1:41_287_DF_DCIS_INDINCIDENT_2(1.0),A,ITF43,INJUREDINDX,2,2023,100,,,,,,,,,
IT1:41_287_DF_DCIS_INDINCIDENT_2(1.0),A,ITF43,INJUREDINDX,3,2023,171.18156,,,,,,,,,
IT1:41_287_DF_DCIS_INDINCIDENT_2(1.0),A,ITF43,INJUREDINDX,9,2023,154.00139,,,,,,,,,
IT1:41_287_DF_DCIS_INDINCIDENT_2(1.0),A,ITF44,INJUREDINDX,1,2023,141.52542,,,,,,,,,
IT1:41_287_DF_DCIS_INDINCIDENT_2(1.0),A,ITF44,INJUREDINDX,3,2023,159.42408,,,,,,,,,
IT1:41_287_DF_DCIS_INDINCIDENT_2(1.0),A,ITF44,INJUREDINDX,9,2023,148.55967,,,,,,,,,
IT1:41_287_DF_DCIS_INDINCIDENT_2(1.0),A,ITF45,INJUREDINDX,1,2023,137.12529,,,,,,,,,
IT1:41_287_DF_DCIS_INDINCIDENT_2(1.0),A,ITF45,INJUREDINDX,3,2023,159.68992,,,,,,,,,
IT1:41_287_DF_DCIS_INDINCIDENT_2(1.0),A,ITF45,INJUREDINDX,9,2023,143.5333,,,,,,,,,
IT1:41_287_DF_DCIS_INDINCIDENT_2(1.0),A,ITF5,INJUREDINDX,1,2023,141.2523,,,,,,,,,
IT1:41_287_DF_DCIS_INDINCIDENT_2(1.0),A,ITF5,INJUREDINDX,2,2023,178.78788,,,,,,,,,
IT1:41_287_DF_DCIS_INDINCIDENT_2(1.0),A,ITF5,INJUREDINDX,3,2023,176.02041,,,,,,,,,
IT1:41_287_DF_DCIS_INDINCIDENT_2(1.0),A,ITF5,INJUREDINDX,9,2023,156.61157,,,,,,,,,
IT1:41_287_DF_DCIS_INDINCIDENT_2(1.0),A,ITF51,INJUREDINDX,1,2023,142.37288,,,,,,,,,
IT1:41_287_DF_DCIS_INDINCIDENT_2(1.0),A,ITF51,INJUREDINDX,2,2023,178.78788,,,,,,,,,
IT1:41_287_DF_DCIS_INDINCIDENT_2(1.0),A,ITF51,INJUREDINDX,3,2023,163.0137,,,,,,,,,
IT1:41_287_DF_DCIS_INDINCIDENT_2(1.0),A,ITF51,INJUREDINDX,9,2023,152.83364,,,,,,,,,
IT1:41_287_DF_DCIS_INDINCIDENT_2(1.0),A,ITF52,INJUREDINDX,1,2023,139.91935,,,,,,,,,
IT1:41_287_DF_DCIS_INDINCIDENT_2(1.0),A,ITF52,INJUREDINDX,3,2023,192.48555,,,,,,,,,
IT1:41_287_DF_DCIS_INDINCIDENT_2(1.0),A,ITF52,INJUREDINDX,9,2023,161.52019,,,,,,,,,
IT1:41_287_DF_DCIS_INDINCIDENT_2(1.0),A,ITF6,INJUREDINDX,1,2023,140.21226,,,,,,,,,
IT1:41_287_DF_DCIS_INDINCIDENT_2(1.0),A,ITF6,INJUREDINDX,2,2023,166.66667,,,,,,,,,
IT1:41_287_DF_DCIS_INDINCIDENT_2(1.0),A,ITF6,INJUREDINDX,3,2023,177.44361,,,,,,,,,
IT1:41_287_DF_DCIS_INDINCIDENT_2(1.0),A,ITF6,INJUREDINDX,9,2023,154.40141,,,,,,,,,
IT1:41_287_DF_DCIS_INDINCIDENT_2(1.0),A,ITF61,INJUREDINDX,1,2023,139.77486,,,,,,,,,
IT1:41_287_DF_DCIS_INDINCIDENT_2(1.0),A,ITF61,INJUREDINDX,2,2023,174.68354,,,,,,,,,
IT1:41_287_DF_DCIS_INDINCIDENT_2(1.0),A,ITF61,INJUREDINDX,3,2023,190.74733,,,,,,,,,
IT1:41_287_DF_DCIS_INDINCIDENT_2(1.0),A,ITF61,INJUREDINDX,9,2023,158.90258,,,,,,,,,
IT1:41_287_DF_DCIS_INDINCIDENT_2(1.0),A,ITF62,INJUREDINDX,1,2023,150.59524,,,,,,,,,
IT1:41_287_DF_DCIS_INDINCIDENT_2(1.0),A,ITF62,INJUREDINDX,3,2023,187.96296,,,,,,,,,
IT1:41_287_DF_DCIS_INDINCIDENT_2(1.0),A,ITF62,INJUREDINDX,9,2023,165.21739,,,,,,,,,
IT1:41_287_DF_DCIS_INDINCIDENT_2(1.0),A,ITF63,INJUREDINDX,1,2023,143.75,,,,,,,,,
IT1:41_287_DF_DCIS_INDINCIDENT_2(1.0),A,ITF63,INJUREDINDX,2,2023,178.125,,,,,,,,,
IT1:41_287_DF_DCIS_INDINCIDENT_2(1.0),A,ITF63,INJUREDINDX,3,2023,160.56338,,,,,,,,,
IT1:41_287_DF_DCIS_INDINCIDENT_2(1.0),A,ITF63,INJUREDINDX,9,2023,152.27687,,,,,,,,,
IT1:41_287_DF_DCIS_INDINCIDENT_2(1.0),A,ITF64,INJUREDINDX,1,2023,132.22222,,,,,,,,,
IT1:41_287_DF_DCIS_INDINCIDENT_2(1.0),A,ITF64,INJUREDINDX,2,2023,184.61538,,,,,,,,,
IT1:41_287_DF_DCIS_INDINCIDENT_2(1.0),A,ITF64,INJUREDINDX,3,2023,184.84848,,,,,,,,,
IT1:41_287_DF_DCIS_INDINCIDENT_2(1.0),A,ITF64,INJUREDINDX,9,2023,161.38614,,,,,,,,,
IT1:41_287_DF_DCIS_INDINCIDENT_2(1.0),A,ITF65,INJUREDINDX,1,2023,137.10483,,,,,,,,,
IT1:41_287_DF_DCIS_INDINCIDENT_2(1.0),A,ITF65,INJUREDINDX,2,2023,152.80899,,,,,,,,,
IT1:41_287_DF_DCIS_INDINCIDENT_2(1.0),A,ITF65,INJUREDINDX,3,2023,168.69565,,,,,,,,,
IT1:41_287_DF_DCIS_INDINCIDENT_2(1.0),A,ITF65,INJUREDINDX,9,2023,146.52174,,,,,,,,,
IT1:41_287_DF_DCIS_INDINCIDENT_2(1.0),A,ITG,INJUREDINDX,1,2023,136.97708,,,,,,,,,
IT1:41_287_DF_DCIS_INDINCIDENT_2(1.0),A,ITG,INJUREDINDX,2,2023,161.36364,,,,,,,,,
IT1:41_287_DF_DCIS_INDINCIDENT_2(1.0),A,ITG,INJUREDINDX,3,2023,162.18996,,,,,,,,,
IT1:41_287_DF_DCIS_INDINCIDENT_2(1.0),A,ITG,INJUREDINDX,9,2023,143.97018,,,,,,,,,
IT1:41_287_DF_DCIS_INDINCIDENT_2(1.0),A,ITG1,INJUREDINDX,1,2023,139.61195,,,,,,,,,
IT1:41_287_DF_DCIS_INDINCIDENT_2(1.0),A,ITG1,INJUREDINDX,2,2023,161.36364,,,,,,,,,
IT1:41_287_DF_DCIS_INDINCIDENT_2(1.0),A,ITG1,INJUREDINDX,3,2023,171.20726,,,,,,,,,
IT1:41_287_DF_DCIS_INDINCIDENT_2(1.0),A,ITG1,INJUREDINDX,9,2023,146.39889,,,,,,,,,
IT1:41_287_DF_DCIS_INDINCIDENT_2(1.0),A,ITG11,INJUREDINDX,1,2023,147.59615,,,,,,,,,
IT1:41_287_DF_DCIS_INDINCIDENT_2(1.0),A,ITG11,INJUREDINDX,2,2023,169.04762,,,,,,,,,
IT1:41_287_DF_DCIS_INDINCIDENT_2(1.0),A,ITG11,INJUREDINDX,3,2023,169.94819,,,,,,,,,
IT1:41_287_DF_DCIS_INDINCIDENT_2(1.0),A,ITG11,INJUREDINDX,9,2023,153.66705,,,,,,,,,
IT1:41_287_DF_DCIS_INDINCIDENT_2(1.0),A,ITG12,INJUREDINDX,1,2023,133.13849,,,,,,,,,
IT1:41_287_DF_DCIS_INDINCIDENT_2(1.0),A,ITG12,INJUREDINDX,2,2023,166.12022,,,,,,,,,
IT1:41_287_DF_DCIS_INDINCIDENT_2(1.0),A,ITG12,INJUREDINDX,3,2023,164.05694,,,,,,,,,
IT1:41_287_DF_DCIS_INDINCIDENT_2(1.0),A,ITG12,INJUREDINDX,9,2023,138.61607,,,,,,,,,
IT1:41_287_DF_DCIS_INDINCIDENT_2(1.0),A,ITG13,INJUREDINDX,1,2023,136.44231,,,,,,,,,
IT1:41_287_DF_DCIS_INDINCIDENT_2(1.0),A,ITG13,INJUREDINDX,2,2023,148.78049,,,,,,,,,
IT1:41_287_DF_DCIS_INDINCIDENT_2(1.0),A,ITG13,INJUREDINDX,3,2023,146.91358,,,,,,,,,
IT1:41_287_DF_DCIS_INDINCIDENT_2(1.0),A,ITG13,INJUREDINDX,9,2023,139.16545,,,,,,,,,
IT1:41_287_DF_DCIS_INDINCIDENT_2(1.0),A,ITG14,INJUREDINDX,1,2023,148.69565,,,,,,,,,
IT1:41_287_DF_DCIS_INDINCIDENT_2(1.0),A,ITG14,INJUREDINDX,3,2023,177.07317,,,,,,,,,
IT1:41_287_DF_DCIS_INDINCIDENT_2(1.0),A,ITG14,INJUREDINDX,9,2023,159.27273,,,,,,,,,
IT1:41_287_DF_DCIS_INDINCIDENT_2(1.0),A,ITG15,INJUREDINDX,1,2023,157.07657,,,,,,,,,
IT1:41_287_DF_DCIS_INDINCIDENT_2(1.0),A,ITG15,INJUREDINDX,2,2023,171.42857,,,,,,,,,
IT1:41_287_DF_DCIS_INDINCIDENT_2(1.0),A,ITG15,INJUREDINDX,3,2023,189.38053,,,,,,,,,
IT1:41_287_DF_DCIS_INDINCIDENT_2(1.0),A,ITG15,INJUREDINDX,9,2023,163.88385,,,,,,,,,
IT1:41_287_DF_DCIS_INDINCIDENT_2(1.0),A,ITG16,INJUREDINDX,1,2023,139.28571,,,,,,,,,
IT1:41_287_DF_DCIS_INDINCIDENT_2(1.0),A,ITG16,INJUREDINDX,2,2023,192.30769,,,,,,,,,
IT1:41_287_DF_DCIS_INDINCIDENT_2(1.0),A,ITG16,INJUREDINDX,3,2023,157.33333,,,,,,,,,
IT1:41_287_DF_DCIS_INDINCIDENT_2(1.0),A,ITG16,INJUREDINDX,9,2023,154.05405,,,,,,,,,
IT1:41_287_DF_DCIS_INDINCIDENT_2(1.0),A,ITG17,INJUREDINDX,1,2023,138.78887,,,,,,,,,
IT1:41_287_DF_DCIS_INDINCIDENT_2(1.0),A,ITG17,INJUREDINDX,2,2023,157.34597,,,,,,,,,
IT1:41_287_DF_DCIS_INDINCIDENT_2(1.0),A,ITG17,INJUREDINDX,3,2023,183.09859,,,,,,,,,
IT1:41_287_DF_DCIS_INDINCIDENT_2(1.0),A,ITG17,INJUREDINDX,9,2023,146.1863,,,,,,,,,
IT1:41_287_DF_DCIS_INDINCIDENT_2(1.0),A,ITG18,INJUREDINDX,1,2023,143.28358,,,,,,,,,
IT1:41_287_DF_DCIS_INDINCIDENT_2(1.0),A,ITG18,INJUREDINDX,3,2023,169.7561,,,,,,,,,
IT1:41_287_DF_DCIS_INDINCIDENT_2(1.0),A,ITG18,INJUREDINDX,9,2023,151.33531,,,,,,,,,
IT1:41_287_DF_DCIS_INDINCIDENT_2(1.0),A,ITG19,INJUREDINDX,1,2023,143.3281,,,,,,,,,
IT1:41_287_DF_DCIS_INDINCIDENT_2(1.0),A,ITG19,INJUREDINDX,2,2023,192.59259,,,,,,,,,
IT1:41_287_DF_DCIS_INDINCIDENT_2(1.0),A,ITG19,INJUREDINDX,3,2023,167.45283,,,,,,,,,
IT1:41_287_DF_DCIS_INDINCIDENT_2(1.0),A,ITG19,INJUREDINDX,9,2023,150.68493,,,,,,,,,
IT1:41_287_DF_DCIS_INDINCIDENT_2(1.0),A,ITG2,INJUREDINDX,1,2023,125.8048,,,,,,,,,
IT1:41_287_DF_DCIS_INDINCIDENT_2(1.0),A,ITG2,INJUREDINDX,3,2023,150.41841,,,,,,,,,
IT1:41_287_DF_DCIS_INDINCIDENT_2(1.0),A,ITG2,INJUREDINDX,9,2023,136.21351,,,,,,,,,
IT1:41_287_DF_DCIS_INDINCIDENT_2(1.0),A,ITG25,INJUREDINDX,1,2023,128.14302,,,,,,,,,
IT1:41_287_DF_DCIS_INDINCIDENT_2(1.0),A,ITG25,INJUREDINDX,3,2023,153.65419,,,,,,,,,
IT1:41_287_DF_DCIS_INDINCIDENT_2(1.0),A,ITG25,INJUREDINDX,9,2023,138.16527,,,,,,,,,
IT1:41_287_DF_DCIS_INDINCIDENT_2(1.0),A,ITG26,INJUREDINDX,1,2023,120.49689,,,,,,,,,
IT1:41_287_DF_DCIS_INDINCIDENT_2(1.0),A,ITG26,INJUREDINDX,3,2023,136.71498,,,,,,,,,
IT1:41_287_DF_DCIS_INDINCIDENT_2(1.0),A,ITG26,INJUREDINDX,9,2023,129.61957,,,,,,,,,
IT1:41_287_DF_DCIS_INDINCIDENT_2(1.0),A,ITG27,INJUREDINDX,1,2023,122.54601,,,,,,,,,
IT1:41_287_DF_DCIS_INDINCIDENT_2(1.0),A,ITG27,INJUREDINDX,3,2023,148.13278,,,,,,,,,
IT1:41_287_DF_DCIS_INDINCIDENT_2(1.0),A,ITG27,INJUREDINDX,9,2023,129.45129,,,,,,,,,
IT1:41_287_DF_DCIS_INDINCIDENT_2(1.0),A,ITG28,INJUREDINDX,1,2023,123.47826,,,,,,,,,
IT1:41_287_DF_DCIS_INDINCIDENT_2(1.0),A,ITG28,INJUREDINDX,3,2023,143.18182,,,,,,,,,
IT1:41_287_DF_DCIS_INDINCIDENT_2(1.0),A,ITG28,INJUREDINDX,9,2023,134.0081,,,,,,,,,
