DATAFLOW,FREQ,REF_AREA,DATA_TYPE,ACCIDENT_LOCALIZATON,TIME_PERIOD,OBS_VALUE,OBS_STATUS,NOTE_DS,NOTE_REF_AREA,NOTE_DATA_TYPE,NOTE_ACCIDENT_LOCALIZATON,NOTE_TIME_PERIOD,BASE_PER,UNIT_MEAS,UNIT_MULT
IT1:41_287_DF_DCIS_INDINCIDENT_1(1.0),A,IT,KILLEDINDX,1,2023,1.08925,,,,,,,,,
IT1:41_287_DF_DCIS_INDINCIDENT_1(1.0),A,IT,KILLEDINDX,2,2023,2.70515,,,,,,,,,
IT1:41_287_DF_DCIS_INDINCIDENT_1(1.0),A,IT,KILLEDINDX,3,2023,4.12287,,,,,,,,,
IT1:41_287_DF_DCIS_INDINCIDENT_1(1.0),A,IT,KILLEDINDX,9,2023,1.82495,,,,,,,,,
IT1:41_287_DF_DCIS_INDINCIDENT_1(1.0),A,IT108,KILLEDINDX,1,2023,0.38251,,,,,,,,,
IT1:41_287_DF_DCIS_INDINCIDENT_1(1.0),A,IT108,KILLEDINDX,3,2023,1.50376,,,,,,,,,
IT1:41_287_DF_DCIS_INDINCIDENT_1(1.0),A,IT108,KILLEDINDX,9,2023,0.55155,,,,,,,,,
IT1:41_287_DF_DCIS_INDINCIDENT_1(1.0),A,IT109,KILLEDINDX,1,2023,0.62696,,,,,,,,,
IT1:41_287_DF_DCIS_INDINCIDENT_1(1.0),A,IT109,KILLEDINDX,3,2023,1.17647,,,,,,,,,
IT1:41_287_DF_DCIS_INDINCIDENT_1(1.0),A,IT109,KILLEDINDX,9,2023,0.75901,,,,,,,,,
IT1:41_287_DF_DCIS_INDINCIDENT_1(1.0),A,IT110,KILLEDINDX,1,2023,0.4644,,,,,,,,,
IT1:41_287_DF_DCIS_INDINCIDENT_1(1.0),A,IT110,KILLEDINDX,3,2023,8.46561,,,,,,,,,
IT1:41_287_DF_DCIS_INDINCIDENT_1(1.0),A,IT110,KILLEDINDX,9,2023,2.23267,,,,,,,,,
IT1:41_287_DF_DCIS_INDINCIDENT_1(1.0),A,IT111,KILLEDINDX,1,2023,0.61728,,,,,,,,,
IT1:41_287_DF_DCIS_INDINCIDENT_1(1.0),A,IT111,KILLEDINDX,3,2023,9.21502,,,,,,,,,
IT1:41_287_DF_DCIS_INDINCIDENT_1(1.0),A,IT111,KILLEDINDX,9,2023,6.15385,,,,,,,,,
IT1:41_287_DF_DCIS_INDINCIDENT_1(1.0),A,ITC,KILLEDINDX,1,2023,0.81326,,,,,,,,,
IT1:41_287_DF_DCIS_INDINCIDENT_1(1.0),A,ITC,KILLEDINDX,2,2023,1.78218,,,,,,,,,
IT1:41_287_DF_DCIS_INDINCIDENT_1(1.0),A,ITC,KILLEDINDX,3,2023,3.3584,,,,,,,,,
IT1:41_287_DF_DCIS_INDINCIDENT_1(1.0),A,ITC,KILLEDINDX,9,2023,1.30745,,,,,,,,,
IT1:41_287_DF_DCIS_INDINCIDENT_1(1.0),A,ITC1,KILLEDINDX,1,2023,1.09176,,,,,,,,,
IT1:41_287_DF_DCIS_INDINCIDENT_1(1.0),A,ITC1,KILLEDINDX,2,2023,1.06707,,,,,,,,,
IT1:41_287_DF_DCIS_INDINCIDENT_1(1.0),A,ITC1,KILLEDINDX,3,2023,4.3051,,,,,,,,,
IT1:41_287_DF_DCIS_INDINCIDENT_1(1.0),A,ITC1,KILLEDINDX,9,2023,1.77485,,,,,,,,,
IT1:41_287_DF_DCIS_INDINCIDENT_1(1.0),A,ITC11,KILLEDINDX,1,2023,1.12386,,,,,,,,,
IT1:41_287_DF_DCIS_INDINCIDENT_1(1.0),A,ITC11,KILLEDINDX,2,2023,0.50505,,,,,,,,,
IT1:41_287_DF_DCIS_INDINCIDENT_1(1.0),A,ITC11,KILLEDINDX,3,2023,2.79823,,,,,,,,,
IT1:41_287_DF_DCIS_INDINCIDENT_1(1.0),A,ITC11,KILLEDINDX,9,2023,1.29068,,,,,,,,,
IT1:41_287_DF_DCIS_INDINCIDENT_1(1.0),A,ITC12,KILLEDINDX,1,2023,1.75439,,,,,,,,,
IT1:41_287_DF_DCIS_INDINCIDENT_1(1.0),A,ITC12,KILLEDINDX,2,2023,3.125,,,,,,,,,
IT1:41_287_DF_DCIS_INDINCIDENT_1(1.0),A,ITC12,KILLEDINDX,3,2023,9.16031,,,,,,,,,
IT1:41_287_DF_DCIS_INDINCIDENT_1(1.0),A,ITC12,KILLEDINDX,9,2023,4.34783,,,,,,,,,
IT1:41_287_DF_DCIS_INDINCIDENT_1(1.0),A,ITC13,KILLEDINDX,1,2023,1.3245,,,,,,,,,
IT1:41_287_DF_DCIS_INDINCIDENT_1(1.0),A,ITC13,KILLEDINDX,3,2023,7.79221,,,,,,,,,
IT1:41_287_DF_DCIS_INDINCIDENT_1(1.0),A,ITC13,KILLEDINDX,9,2023,2.63852,,,,,,,,,
IT1:41_287_DF_DCIS_INDINCIDENT_1(1.0),A,ITC14,KILLEDINDX,1,2023,1.52672,,,,,,,,,
IT1:41_287_DF_DCIS_INDINCIDENT_1(1.0),A,ITC14,KILLEDINDX,3,2023,4,,,,,,,,,
IT1:41_287_DF_DCIS_INDINCIDENT_1(1.0),A,ITC14,KILLEDINDX,9,2023,2.15633,,,,,,,,,
IT1:41_287_DF_DCIS_INDINCIDENT_1(1.0),A,ITC15,KILLEDINDX,1,2023,0.1548,,,,,,,,,
IT1:41_287_DF_DCIS_INDINCIDENT_1(1.0),A,ITC15,KILLEDINDX,2,2023,1.88679,,,,,,,,,
IT1:41_287_DF_DCIS_INDINCIDENT_1(1.0),A,ITC15,KILLEDINDX,3,2023,3.75,,,,,,,,,
IT1:41_287_DF_DCIS_INDINCIDENT_1(1.0),A,ITC15,KILLEDINDX,9,2023,1.17146,,,,,,,,,
IT1:41_287_DF_DCIS_INDINCIDENT_1(1.0),A,ITC16,KILLEDINDX,1,2023,1.59292,,,,,,,,,
IT1:41_287_DF_DCIS_INDINCIDENT_1(1.0),A,ITC16,KILLEDINDX,2,2023,3.44828,,,,,,,,,
IT1:41_287_DF_DCIS_INDINCIDENT_1(1.0),A,ITC16,KILLEDINDX,3,2023,4.55531,,,,,,,,,
IT1:41_287_DF_DCIS_INDINCIDENT_1(1.0),A,ITC16,KILLEDINDX,9,2023,2.95203,,,,,,,,,
IT1:41_287_DF_DCIS_INDINCIDENT_1(1.0),A,ITC17,KILLEDINDX,1,2023,0.77519,,,,,,,,,
IT1:41_287_DF_DCIS_INDINCIDENT_1(1.0),A,ITC17,KILLEDINDX,3,2023,10.81081,,,,,,,,,
IT1:41_287_DF_DCIS_INDINCIDENT_1(1.0),A,ITC17,KILLEDINDX,9,2023,3.58056,,,,,,,,,
IT1:41_287_DF_DCIS_INDINCIDENT_1(1.0),A,ITC18,KILLEDINDX,1,2023,0.99432,,,,,,,,,
IT1:41_287_DF_DCIS_INDINCIDENT_1(1.0),A,ITC18,KILLEDINDX,2,2023,1.16279,,,,,,,,,
IT1:41_287_DF_DCIS_INDINCIDENT_1(1.0),A,ITC18,KILLEDINDX,3,2023,2.66272,,,,,,,,,
IT1:41_287_DF_DCIS_INDINCIDENT_1(1.0),A,ITC18,KILLEDINDX,9,2023,1.50709,,,,,,,,,
IT1:41_287_DF_DCIS_INDINCIDENT_1(1.0),A,ITC2,KILLEDINDX,1,2023,1.2987,,,,,,,,,
IT1:41_287_DF_DCIS_INDINCIDENT_1(1.0),A,ITC2,KILLEDINDX,3,2023,2.6087,,,,,,,,,
IT1:41_287_DF_DCIS_INDINCIDENT_1(1.0),A,ITC2,KILLEDINDX,9,2023,1.7301,,,,,,,,,
IT1:41_287_DF_DCIS_INDINCIDENT_1(1.0),A,ITC20,KILLEDINDX,1,2023,1.2987,,,,,,,,,
IT1:41_287_DF_DCIS_INDINCIDENT_1(1.0),A,ITC20,KILLEDINDX,3,2023,2.6087,,,,,,,,,
IT1:41_287_DF_DCIS_INDINCIDENT_1(1.0),A,ITC20,KILLEDINDX,9,2023,1.7301,,,,,,,,,
IT1:41_287_DF_DCIS_INDINCIDENT_1(1.0),A,ITC3,KILLEDINDX,1,2023,0.49442,,,,,,,,,
IT1:41_287_DF_DCIS_INDINCIDENT_1(1.0),A,ITC3,KILLEDINDX,2,2023,0.70547,,,,,,,,,
IT1:41_287_DF_DCIS_INDINCIDENT_1(1.0),A,ITC3,KILLEDINDX,3,2023,2.886,,,,,,,,,
IT1:41_287_DF_DCIS_INDINCIDENT_1(1.0),A,ITC3,KILLEDINDX,9,2023,0.73041,,,,,,,,,
IT1:41_287_DF_DCIS_INDINCIDENT_1(1.0),A,ITC31,KILLEDINDX,1,2023,0.74074,,,,,,,,,
IT1:41_287_DF_DCIS_INDINCIDENT_1(1.0),A,ITC31,KILLEDINDX,3,2023,5.14706,,,,,,,,,
IT1:41_287_DF_DCIS_INDINCIDENT_1(1.0),A,ITC31,KILLEDINDX,9,2023,1.31846,,,,,,,,,
IT1:41_287_DF_DCIS_INDINCIDENT_1(1.0),A,ITC32,KILLEDINDX,1,2023,0.80092,,,,,,,,,
IT1:41_287_DF_DCIS_INDINCIDENT_1(1.0),A,ITC32,KILLEDINDX,2,2023,1.76991,,,,,,,,,
IT1:41_287_DF_DCIS_INDINCIDENT_1(1.0),A,ITC32,KILLEDINDX,3,2023,1.83824,,,,,,,,,
IT1:41_287_DF_DCIS_INDINCIDENT_1(1.0),A,ITC32,KILLEDINDX,9,2023,1.11199,,,,,,,,,
IT1:41_287_DF_DCIS_INDINCIDENT_1(1.0),A,ITC33,KILLEDINDX,1,2023,0.39312,,,,,,,,,
IT1:41_287_DF_DCIS_INDINCIDENT_1(1.0),A,ITC33,KILLEDINDX,2,2023,0.55402,,,,,,,,,
IT1:41_287_DF_DCIS_INDINCIDENT_1(1.0),A,ITC33,KILLEDINDX,3,2023,1.82927,,,,,,,,,
IT1:41_287_DF_DCIS_INDINCIDENT_1(1.0),A,ITC33,KILLEDINDX,9,2023,0.45702,,,,,,,,,
IT1:41_287_DF_DCIS_INDINCIDENT_1(1.0),A,ITC34,KILLEDINDX,1,2023,0.3876,,,,,,,,,
IT1:41_287_DF_DCIS_INDINCIDENT_1(1.0),A,ITC34,KILLEDINDX,3,2023,4.13223,,,,,,,,,
IT1:41_287_DF_DCIS_INDINCIDENT_1(1.0),A,ITC34,KILLEDINDX,9,2023,1.01449,,,,,,,,,
IT1:41_287_DF_DCIS_INDINCIDENT_1(1.0),A,ITC4,KILLEDINDX,1,2023,0.80919,,,,,,,,,
IT1:41_287_DF_DCIS_INDINCIDENT_1(1.0),A,ITC4,KILLEDINDX,2,2023,2.40627,,,,,,,,,
IT1:41_287_DF_DCIS_INDINCIDENT_1(1.0),A,ITC4,KILLEDINDX,3,2023,3.03873,,,,,,,,,
IT1:41_287_DF_DCIS_INDINCIDENT_1(1.0),A,ITC4,KILLEDINDX,9,2023,1.29154,,,,,,,,,
IT1:41_287_DF_DCIS_INDINCIDENT_1(1.0),A,ITC41,KILLEDINDX,1,2023,0.86856,,,,,,,,,
IT1:41_287_DF_DCIS_INDINCIDENT_1(1.0),A,ITC41,KILLEDINDX,2,2023,6.66667,,,,,,,,,
IT1:41_287_DF_DCIS_INDINCIDENT_1(1.0),A,ITC41,KILLEDINDX,3,2023,1.22699,,,,,,,,,
IT1:41_287_DF_DCIS_INDINCIDENT_1(1.0),A,ITC41,KILLEDINDX,9,2023,1.24252,,,,,,,,,
IT1:41_287_DF_DCIS_INDINCIDENT_1(1.0),A,ITC42,KILLEDINDX,1,2023,0.86372,,,,,,,,,
IT1:41_287_DF_DCIS_INDINCIDENT_1(1.0),A,ITC42,KILLEDINDX,3,2023,3.60656,,,,,,,,,
IT1:41_287_DF_DCIS_INDINCIDENT_1(1.0),A,ITC42,KILLEDINDX,9,2023,1.43988,,,,,,,,,
IT1:41_287_DF_DCIS_INDINCIDENT_1(1.0),A,ITC43,KILLEDINDX,1,2023,1.94553,,,,,,,,,
IT1:41_287_DF_DCIS_INDINCIDENT_1(1.0),A,ITC43,KILLEDINDX,3,2023,2.96296,,,,,,,,,
IT1:41_287_DF_DCIS_INDINCIDENT_1(1.0),A,ITC43,KILLEDINDX,9,2023,2.29592,,,,,,,,,
IT1:41_287_DF_DCIS_INDINCIDENT_1(1.0),A,ITC44,KILLEDINDX,1,2023,2.69058,,,,,,,,,
IT1:41_287_DF_DCIS_INDINCIDENT_1(1.0),A,ITC44,KILLEDINDX,3,2023,4.12371,,,,,,,,,
IT1:41_287_DF_DCIS_INDINCIDENT_1(1.0),A,ITC44,KILLEDINDX,9,2023,3.35731,,,,,,,,,
IT1:41_287_DF_DCIS_INDINCIDENT_1(1.0),A,ITC45,KILLEDINDX,1,2023,0.66037,,,,,,,,,
IT1:41_287_DF_DCIS_INDINCIDENT_1(1.0),A,ITC45,KILLEDINDX,2,2023,2.58449,,,,,,,,,
IT1:41_287_DF_DCIS_INDINCIDENT_1(1.0),A,ITC45,KILLEDINDX,3,2023,2.56112,,,,,,,,,
IT1:41_287_DF_DCIS_INDINCIDENT_1(1.0),A,ITC45,KILLEDINDX,9,2023,0.93985,,,,,,,,,
IT1:41_287_DF_DCIS_INDINCIDENT_1(1.0),A,ITC46,KILLEDINDX,1,2023,1.14763,,,,,,,,,
IT1:41_287_DF_DCIS_INDINCIDENT_1(1.0),A,ITC46,KILLEDINDX,2,2023,1.14943,,,,,,,,,
IT1:41_287_DF_DCIS_INDINCIDENT_1(1.0),A,ITC46,KILLEDINDX,3,2023,2.51397,,,,,,,,,
IT1:41_287_DF_DCIS_INDINCIDENT_1(1.0),A,ITC46,KILLEDINDX,9,2023,1.50735,,,,,,,,,
IT1:41_287_DF_DCIS_INDINCIDENT_1(1.0),A,ITC47,KILLEDINDX,1,2023,0.95286,,,,,,,,,
IT1:41_287_DF_DCIS_INDINCIDENT_1(1.0),A,ITC47,KILLEDINDX,2,2023,2.91262,,,,,,,,,
IT1:41_287_DF_DCIS_INDINCIDENT_1(1.0),A,ITC47,KILLEDINDX,3,2023,4.99266,,,,,,,,,
IT1:41_287_DF_DCIS_INDINCIDENT_1(1.0),A,ITC47,KILLEDINDX,9,2023,2.0479,,,,,,,,,
IT1:41_287_DF_DCIS_INDINCIDENT_1(1.0),A,ITC48,KILLEDINDX,1,2023,1.19904,,,,,,,,,
IT1:41_287_DF_DCIS_INDINCIDENT_1(1.0),A,ITC48,KILLEDINDX,2,2023,1.07527,,,,,,,,,
IT1:41_287_DF_DCIS_INDINCIDENT_1(1.0),A,ITC48,KILLEDINDX,3,2023,4.90956,,,,,,,,,
IT1:41_287_DF_DCIS_INDINCIDENT_1(1.0),A,ITC48,KILLEDINDX,9,2023,2.28311,,,,,,,,,
IT1:41_287_DF_DCIS_INDINCIDENT_1(1.0),A,ITC49,KILLEDINDX,2,2023,1.69492,,,,,,,,,
IT1:41_287_DF_DCIS_INDINCIDENT_1(1.0),A,ITC49,KILLEDINDX,3,2023,3.24675,,,,,,,,,
IT1:41_287_DF_DCIS_INDINCIDENT_1(1.0),A,ITC49,KILLEDINDX,9,2023,1.34529,,,,,,,,,
IT1:41_287_DF_DCIS_INDINCIDENT_1(1.0),A,ITC4A,KILLEDINDX,1,2023,0.47022,,,,,,,,,
IT1:41_287_DF_DCIS_INDINCIDENT_1(1.0),A,ITC4A,KILLEDINDX,3,2023,2.04082,,,,,,,,,
IT1:41_287_DF_DCIS_INDINCIDENT_1(1.0),A,ITC4A,KILLEDINDX,9,2023,1.01112,,,,,,,,,
IT1:41_287_DF_DCIS_INDINCIDENT_1(1.0),A,ITC4B,KILLEDINDX,1,2023,1.55945,,,,,,,,,
IT1:41_287_DF_DCIS_INDINCIDENT_1(1.0),A,ITC4B,KILLEDINDX,3,2023,2.74314,,,,,,,,,
IT1:41_287_DF_DCIS_INDINCIDENT_1(1.0),A,ITC4B,KILLEDINDX,9,2023,1.9958,,,,,,,,,
IT1:41_287_DF_DCIS_INDINCIDENT_1(1.0),A,ITD,KILLEDINDX,1,2023,1.23103,,,,,,,,,
IT1:41_287_DF_DCIS_INDINCIDENT_1(1.0),A,ITD,KILLEDINDX,2,2023,3.52319,,,,,,,,,
IT1:41_287_DF_DCIS_INDINCIDENT_1(1.0),A,ITD,KILLEDINDX,3,2023,3.74492,,,,,,,,,
IT1:41_287_DF_DCIS_INDINCIDENT_1(1.0),A,ITD,KILLEDINDX,9,2023,1.99581,,,,,,,,,
IT1:41_287_DF_DCIS_INDINCIDENT_1(1.0),A,ITD1,KILLEDINDX,1,2023,0.84507,,,,,,,,,
IT1:41_287_DF_DCIS_INDINCIDENT_1(1.0),A,ITD1,KILLEDINDX,2,2023,1.14943,,,,,,,,,
IT1:41_287_DF_DCIS_INDINCIDENT_1(1.0),A,ITD1,KILLEDINDX,3,2023,4.07166,,,,,,,,,
IT1:41_287_DF_DCIS_INDINCIDENT_1(1.0),A,ITD1,KILLEDINDX,9,2023,1.98188,,,,,,,,,
IT1:41_287_DF_DCIS_INDINCIDENT_1(1.0),A,ITD10,KILLEDINDX,1,2023,0.84507,,,,,,,,,
IT1:41_287_DF_DCIS_INDINCIDENT_1(1.0),A,ITD10,KILLEDINDX,2,2023,1.14943,,,,,,,,,
IT1:41_287_DF_DCIS_INDINCIDENT_1(1.0),A,ITD10,KILLEDINDX,3,2023,4.07166,,,,,,,,,
IT1:41_287_DF_DCIS_INDINCIDENT_1(1.0),A,ITD10,KILLEDINDX,9,2023,1.98188,,,,,,,,,
IT1:41_287_DF_DCIS_INDINCIDENT_1(1.0),A,ITD2,KILLEDINDX,1,2023,1.99387,,,,,,,,,
IT1:41_287_DF_DCIS_INDINCIDENT_1(1.0),A,ITD2,KILLEDINDX,2,2023,5.40541,,,,,,,,,
IT1:41_287_DF_DCIS_INDINCIDENT_1(1.0),A,ITD2,KILLEDINDX,3,2023,3.5,,,,,,,,,
IT1:41_287_DF_DCIS_INDINCIDENT_1(1.0),A,ITD2,KILLEDINDX,9,2023,2.79286,,,,,,,,,
IT1:41_287_DF_DCIS_INDINCIDENT_1(1.0),A,ITD20,KILLEDINDX,1,2023,1.99387,,,,,,,,,
IT1:41_287_DF_DCIS_INDINCIDENT_1(1.0),A,ITD20,KILLEDINDX,2,2023,5.40541,,,,,,,,,
IT1:41_287_DF_DCIS_INDINCIDENT_1(1.0),A,ITD20,KILLEDINDX,3,2023,3.5,,,,,,,,,
IT1:41_287_DF_DCIS_INDINCIDENT_1(1.0),A,ITD20,KILLEDINDX,9,2023,2.79286,,,,,,,,,
IT1:41_287_DF_DCIS_INDINCIDENT_1(1.0),A,ITD3,KILLEDINDX,1,2023,1.48665,,,,,,,,,
IT1:41_287_DF_DCIS_INDINCIDENT_1(1.0),A,ITD3,KILLEDINDX,2,2023,3.3101,,,,,,,,,
IT1:41_287_DF_DCIS_INDINCIDENT_1(1.0),A,ITD3,KILLEDINDX,3,2023,4.7576,,,,,,,,,
IT1:41_287_DF_DCIS_INDINCIDENT_1(1.0),A,ITD3,KILLEDINDX,9,2023,2.41898,,,,,,,,,
IT1:41_287_DF_DCIS_INDINCIDENT_1(1.0),A,ITD31,KILLEDINDX,1,2023,1.80488,,,,,,,,,
IT1:41_287_DF_DCIS_INDINCIDENT_1(1.0),A,ITD31,KILLEDINDX,2,2023,2.82486,,,,,,,,,
IT1:41_287_DF_DCIS_INDINCIDENT_1(1.0),A,ITD31,KILLEDINDX,3,2023,3.34855,,,,,,,,,
IT1:41_287_DF_DCIS_INDINCIDENT_1(1.0),A,ITD31,KILLEDINDX,9,2023,2.21914,,,,,,,,,
IT1:41_287_DF_DCIS_INDINCIDENT_1(1.0),A,ITD32,KILLEDINDX,1,2023,1.09114,,,,,,,,,
IT1:41_287_DF_DCIS_INDINCIDENT_1(1.0),A,ITD32,KILLEDINDX,2,2023,2.06186,,,,,,,,,
IT1:41_287_DF_DCIS_INDINCIDENT_1(1.0),A,ITD32,KILLEDINDX,3,2023,5.22876,,,,,,,,,
IT1:41_287_DF_DCIS_INDINCIDENT_1(1.0),A,ITD32,KILLEDINDX,9,2023,2.03406,,,,,,,,,
IT1:41_287_DF_DCIS_INDINCIDENT_1(1.0),A,ITD33,KILLEDINDX,1,2023,3.84615,,,,,,,,,
IT1:41_287_DF_DCIS_INDINCIDENT_1(1.0),A,ITD33,KILLEDINDX,2,2023,20,,,,,,,,,
IT1:41_287_DF_DCIS_INDINCIDENT_1(1.0),A,ITD33,KILLEDINDX,3,2023,4.73684,,,,,,,,,
IT1:41_287_DF_DCIS_INDINCIDENT_1(1.0),A,ITD33,KILLEDINDX,9,2023,4.4289,,,,,,,,,
IT1:41_287_DF_DCIS_INDINCIDENT_1(1.0),A,ITD34,KILLEDINDX,1,2023,1.31904,,,,,,,,,
IT1:41_287_DF_DCIS_INDINCIDENT_1(1.0),A,ITD34,KILLEDINDX,2,2023,7.8125,,,,,,,,,
IT1:41_287_DF_DCIS_INDINCIDENT_1(1.0),A,ITD34,KILLEDINDX,3,2023,5.66038,,,,,,,,,
IT1:41_287_DF_DCIS_INDINCIDENT_1(1.0),A,ITD34,KILLEDINDX,9,2023,2.90323,,,,,,,,,
IT1:41_287_DF_DCIS_INDINCIDENT_1(1.0),A,ITD35,KILLEDINDX,1,2023,1.61692,,,,,,,,,
IT1:41_287_DF_DCIS_INDINCIDENT_1(1.0),A,ITD35,KILLEDINDX,2,2023,3.2,,,,,,,,,
IT1:41_287_DF_DCIS_INDINCIDENT_1(1.0),A,ITD35,KILLEDINDX,3,2023,7.64228,,,,,,,,,
IT1:41_287_DF_DCIS_INDINCIDENT_1(1.0),A,ITD35,KILLEDINDX,9,2023,3.27939,,,,,,,,,
IT1:41_287_DF_DCIS_INDINCIDENT_1(1.0),A,ITD36,KILLEDINDX,1,2023,1.05319,,,,,,,,,
IT1:41_287_DF_DCIS_INDINCIDENT_1(1.0),A,ITD36,KILLEDINDX,2,2023,2.1978,,,,,,,,,
IT1:41_287_DF_DCIS_INDINCIDENT_1(1.0),A,ITD36,KILLEDINDX,3,2023,2.67112,,,,,,,,,
IT1:41_287_DF_DCIS_INDINCIDENT_1(1.0),A,ITD36,KILLEDINDX,9,2023,1.46775,,,,,,,,,
IT1:41_287_DF_DCIS_INDINCIDENT_1(1.0),A,ITD37,KILLEDINDX,1,2023,2.2082,,,,,,,,,
IT1:41_287_DF_DCIS_INDINCIDENT_1(1.0),A,ITD37,KILLEDINDX,3,2023,3.21101,,,,,,,,,
IT1:41_287_DF_DCIS_INDINCIDENT_1(1.0),A,ITD37,KILLEDINDX,9,2023,2.54545,,,,,,,,,
IT1:41_287_DF_DCIS_INDINCIDENT_1(1.0),A,ITD4,KILLEDINDX,1,2023,1.47651,,,,,,,,,
IT1:41_287_DF_DCIS_INDINCIDENT_1(1.0),A,ITD4,KILLEDINDX,2,2023,2.91971,,,,,,,,,
IT1:41_287_DF_DCIS_INDINCIDENT_1(1.0),A,ITD4,KILLEDINDX,3,2023,2.33129,,,,,,,,,
IT1:41_287_DF_DCIS_INDINCIDENT_1(1.0),A,ITD4,KILLEDINDX,9,2023,1.75714,,,,,,,,,
IT1:41_287_DF_DCIS_INDINCIDENT_1(1.0),A,ITD41,KILLEDINDX,1,2023,2.05011,,,,,,,,,
IT1:41_287_DF_DCIS_INDINCIDENT_1(1.0),A,ITD41,KILLEDINDX,3,2023,1.73913,,,,,,,,,
IT1:41_287_DF_DCIS_INDINCIDENT_1(1.0),A,ITD41,KILLEDINDX,9,2023,1.88679,,,,,,,,,
IT1:41_287_DF_DCIS_INDINCIDENT_1(1.0),A,ITD42,KILLEDINDX,1,2023,2.16216,,,,,,,,,
IT1:41_287_DF_DCIS_INDINCIDENT_1(1.0),A,ITD42,KILLEDINDX,2,2023,2.04082,,,,,,,,,
IT1:41_287_DF_DCIS_INDINCIDENT_1(1.0),A,ITD42,KILLEDINDX,3,2023,2.48139,,,,,,,,,
IT1:41_287_DF_DCIS_INDINCIDENT_1(1.0),A,ITD42,KILLEDINDX,9,2023,2.2651,,,,,,,,,
IT1:41_287_DF_DCIS_INDINCIDENT_1(1.0),A,ITD43,KILLEDINDX,1,2023,0.96154,,,,,,,,,
IT1:41_287_DF_DCIS_INDINCIDENT_1(1.0),A,ITD43,KILLEDINDX,2,2023,10.71429,,,,,,,,,
IT1:41_287_DF_DCIS_INDINCIDENT_1(1.0),A,ITD43,KILLEDINDX,3,2023,4.05405,,,,,,,,,
IT1:41_287_DF_DCIS_INDINCIDENT_1(1.0),A,ITD43,KILLEDINDX,9,2023,2.17391,,,,,,,,,
IT1:41_287_DF_DCIS_INDINCIDENT_1(1.0),A,ITD44,KILLEDINDX,1,2023,0.67204,,,,,,,,,
IT1:41_287_DF_DCIS_INDINCIDENT_1(1.0),A,ITD44,KILLEDINDX,3,2023,1.85185,,,,,,,,,
IT1:41_287_DF_DCIS_INDINCIDENT_1(1.0),A,ITD44,KILLEDINDX,9,2023,0.78475,,,,,,,,,
IT1:41_287_DF_DCIS_INDINCIDENT_1(1.0),A,ITD5,KILLEDINDX,1,2023,0.98786,,,,,,,,,
IT1:41_287_DF_DCIS_INDINCIDENT_1(1.0),A,ITD5,KILLEDINDX,2,2023,3.91705,,,,,,,,,
IT1:41_287_DF_DCIS_INDINCIDENT_1(1.0),A,ITD5,KILLEDINDX,3,2023,3.17818,,,,,,,,,
IT1:41_287_DF_DCIS_INDINCIDENT_1(1.0),A,ITD5,KILLEDINDX,9,2023,1.65983,,,,,,,,,
IT1:41_287_DF_DCIS_INDINCIDENT_1(1.0),A,ITD51,KILLEDINDX,1,2023,0.97493,,,,,,,,,
IT1:41_287_DF_DCIS_INDINCIDENT_1(1.0),A,ITD51,KILLEDINDX,2,2023,5.6338,,,,,,,,,
IT1:41_287_DF_DCIS_INDINCIDENT_1(1.0),A,ITD51,KILLEDINDX,3,2023,3.48432,,,,,,,,,
IT1:41_287_DF_DCIS_INDINCIDENT_1(1.0),A,ITD51,KILLEDINDX,9,2023,1.95167,,,,,,,,,
IT1:41_287_DF_DCIS_INDINCIDENT_1(1.0),A,ITD52,KILLEDINDX,1,2023,0.77348,,,,,,,,,
IT1:41_287_DF_DCIS_INDINCIDENT_1(1.0),A,ITD52,KILLEDINDX,2,2023,3.7037,,,,,,,,,
IT1:41_287_DF_DCIS_INDINCIDENT_1(1.0),A,ITD52,KILLEDINDX,3,2023,3.125,,,,,,,,,
IT1:41_287_DF_DCIS_INDINCIDENT_1(1.0),A,ITD52,KILLEDINDX,9,2023,1.67364,,,,,,,,,
IT1:41_287_DF_DCIS_INDINCIDENT_1(1.0),A,ITD53,KILLEDINDX,1,2023,1.00309,,,,,,,,,
IT1:41_287_DF_DCIS_INDINCIDENT_1(1.0),A,ITD53,KILLEDINDX,2,2023,3.27869,,,,,,,,,
IT1:41_287_DF_DCIS_INDINCIDENT_1(1.0),A,ITD53,KILLEDINDX,3,2023,2.84238,,,,,,,,,
IT1:41_287_DF_DCIS_INDINCIDENT_1(1.0),A,ITD53,KILLEDINDX,9,2023,1.49083,,,,,,,,,
IT1:41_287_DF_DCIS_INDINCIDENT_1(1.0),A,ITD54,KILLEDINDX,1,2023,1.2952,,,,,,,,,
IT1:41_287_DF_DCIS_INDINCIDENT_1(1.0),A,ITD54,KILLEDINDX,2,2023,4.16667,,,,,,,,,
IT1:41_287_DF_DCIS_INDINCIDENT_1(1.0),A,ITD54,KILLEDINDX,3,2023,3.43284,,,,,,,,,
IT1:41_287_DF_DCIS_INDINCIDENT_1(1.0),A,ITD54,KILLEDINDX,9,2023,1.94731,,,,,,,,,
IT1:41_287_DF_DCIS_INDINCIDENT_1(1.0),A,ITD55,KILLEDINDX,1,2023,1.16438,,,,,,,,,
IT1:41_287_DF_DCIS_INDINCIDENT_1(1.0),A,ITD55,KILLEDINDX,2,2023,3.1746,,,,,,,,,
IT1:41_287_DF_DCIS_INDINCIDENT_1(1.0),A,ITD55,KILLEDINDX,3,2023,4.02075,,,,,,,,,
IT1:41_287_DF_DCIS_INDINCIDENT_1(1.0),A,ITD55,KILLEDINDX,9,2023,1.89236,,,,,,,,,
IT1:41_287_DF_DCIS_INDINCIDENT_1(1.0),A,ITD56,KILLEDINDX,1,2023,1.01652,,,,,,,,,
IT1:41_287_DF_DCIS_INDINCIDENT_1(1.0),A,ITD56,KILLEDINDX,2,2023,7.31707,,,,,,,,,
IT1:41_287_DF_DCIS_INDINCIDENT_1(1.0),A,ITD56,KILLEDINDX,3,2023,3.88693,,,,,,,,,
IT1:41_287_DF_DCIS_INDINCIDENT_1(1.0),A,ITD56,KILLEDINDX,9,2023,1.9802,,,,,,,,,
IT1:41_287_DF_DCIS_INDINCIDENT_1(1.0),A,ITD57,KILLEDINDX,1,2023,0.93985,,,,,,,,,
IT1:41_287_DF_DCIS_INDINCIDENT_1(1.0),A,ITD57,KILLEDINDX,2,2023,6.89655,,,,,,,,,
IT1:41_287_DF_DCIS_INDINCIDENT_1(1.0),A,ITD57,KILLEDINDX,3,2023,2.71845,,,,,,,,,
IT1:41_287_DF_DCIS_INDINCIDENT_1(1.0),A,ITD57,KILLEDINDX,9,2023,1.71045,,,,,,,,,
IT1:41_287_DF_DCIS_INDINCIDENT_1(1.0),A,ITD58,KILLEDINDX,1,2023,0.81818,,,,,,,,,
IT1:41_287_DF_DCIS_INDINCIDENT_1(1.0),A,ITD58,KILLEDINDX,2,2023,2.12766,,,,,,,,,
IT1:41_287_DF_DCIS_INDINCIDENT_1(1.0),A,ITD58,KILLEDINDX,3,2023,2.53521,,,,,,,,,
IT1:41_287_DF_DCIS_INDINCIDENT_1(1.0),A,ITD58,KILLEDINDX,9,2023,1.26498,,,,,,,,,
IT1:41_287_DF_DCIS_INDINCIDENT_1(1.0),A,ITD59,KILLEDINDX,1,2023,0.46083,,,,,,,,,
IT1:41_287_DF_DCIS_INDINCIDENT_1(1.0),A,ITD59,KILLEDINDX,2,2023,2.85714,,,,,,,,,
IT1:41_287_DF_DCIS_INDINCIDENT_1(1.0),A,ITD59,KILLEDINDX,3,2023,1.42857,,,,,,,,,
IT1:41_287_DF_DCIS_INDINCIDENT_1(1.0),A,ITD59,KILLEDINDX,9,2023,0.68027,,,,,,,,,
IT1:41_287_DF_DCIS_INDINCIDENT_1(1.0),A,ITDA,KILLEDINDX,1,2023,1.2813,,,,,,,,,
IT1:41_287_DF_DCIS_INDINCIDENT_1(1.0),A,ITDA,KILLEDINDX,2,2023,2.41935,,,,,,,,,
IT1:41_287_DF_DCIS_INDINCIDENT_1(1.0),A,ITDA,KILLEDINDX,3,2023,3.78913,,,,,,,,,
IT1:41_287_DF_DCIS_INDINCIDENT_1(1.0),A,ITDA,KILLEDINDX,9,2023,2.32406,,,,,,,,,
IT1:41_287_DF_DCIS_INDINCIDENT_1(1.0),A,ITE,KILLEDINDX,1,2023,1.063,,,,,,,,,
IT1:41_287_DF_DCIS_INDINCIDENT_1(1.0),A,ITE,KILLEDINDX,2,2023,2.73909,,,,,,,,,
IT1:41_287_DF_DCIS_INDINCIDENT_1(1.0),A,ITE,KILLEDINDX,3,2023,3.52664,,,,,,,,,
IT1:41_287_DF_DCIS_INDINCIDENT_1(1.0),A,ITE,KILLEDINDX,9,2023,1.62003,,,,,,,,,
IT1:41_287_DF_DCIS_INDINCIDENT_1(1.0),A,ITE1,KILLEDINDX,1,2023,0.82823,,,,,,,,,
IT1:41_287_DF_DCIS_INDINCIDENT_1(1.0),A,ITE1,KILLEDINDX,2,2023,1.99005,,,,,,,,,
IT1:41_287_DF_DCIS_INDINCIDENT_1(1.0),A,ITE1,KILLEDINDX,3,2023,3.43191,,,,,,,,,
IT1:41_287_DF_DCIS_INDINCIDENT_1(1.0),A,ITE1,KILLEDINDX,9,2023,1.35271,,,,,,,,,
IT1:41_287_DF_DCIS_INDINCIDENT_1(1.0),A,ITE11,KILLEDINDX,1,2023,1.02941,,,,,,,,,
IT1:41_287_DF_DCIS_INDINCIDENT_1(1.0),A,ITE11,KILLEDINDX,2,2023,3.0303,,,,,,,,,
IT1:41_287_DF_DCIS_INDINCIDENT_1(1.0),A,ITE11,KILLEDINDX,3,2023,2.10526,,,,,,,,,
IT1:41_287_DF_DCIS_INDINCIDENT_1(1.0),A,ITE11,KILLEDINDX,9,2023,1.23762,,,,,,,,,
IT1:41_287_DF_DCIS_INDINCIDENT_1(1.0),A,ITE12,KILLEDINDX,1,2023,0.91549,,,,,,,,,
IT1:41_287_DF_DCIS_INDINCIDENT_1(1.0),A,ITE12,KILLEDINDX,3,2023,3.52941,,,,,,,,,
IT1:41_287_DF_DCIS_INDINCIDENT_1(1.0),A,ITE12,KILLEDINDX,9,2023,1.13365,,,,,,,,,
IT1:41_287_DF_DCIS_INDINCIDENT_1(1.0),A,ITE13,KILLEDINDX,1,2023,0.91185,,,,,,,,,
IT1:41_287_DF_DCIS_INDINCIDENT_1(1.0),A,ITE13,KILLEDINDX,2,2023,2.17391,,,,,,,,,
IT1:41_287_DF_DCIS_INDINCIDENT_1(1.0),A,ITE13,KILLEDINDX,3,2023,1.28755,,,,,,,,,
IT1:41_287_DF_DCIS_INDINCIDENT_1(1.0),A,ITE13,KILLEDINDX,9,2023,1.06724,,,,,,,,,
IT1:41_287_DF_DCIS_INDINCIDENT_1(1.0),A,ITE14,KILLEDINDX,1,2023,0.76355,,,,,,,,,
IT1:41_287_DF_DCIS_INDINCIDENT_1(1.0),A,ITE14,KILLEDINDX,2,2023,3.0303,,,,,,,,,
IT1:41_287_DF_DCIS_INDINCIDENT_1(1.0),A,ITE14,KILLEDINDX,3,2023,3.23488,,,,,,,,,
IT1:41_287_DF_DCIS_INDINCIDENT_1(1.0),A,ITE14,KILLEDINDX,9,2023,1.24388,,,,,,,,,
IT1:41_287_DF_DCIS_INDINCIDENT_1(1.0),A,ITE15,KILLEDINDX,1,2023,0.34286,,,,,,,,,
IT1:41_287_DF_DCIS_INDINCIDENT_1(1.0),A,ITE15,KILLEDINDX,2,2023,4.16667,,,,,,,,,
IT1:41_287_DF_DCIS_INDINCIDENT_1(1.0),A,ITE15,KILLEDINDX,9,2023,0.4315,,,,,,,,,
IT1:41_287_DF_DCIS_INDINCIDENT_1(1.0),A,ITE16,KILLEDINDX,1,2023,0.89021,,,,,,,,,
IT1:41_287_DF_DCIS_INDINCIDENT_1(1.0),A,ITE16,KILLEDINDX,3,2023,2.94118,,,,,,,,,
IT1:41_287_DF_DCIS_INDINCIDENT_1(1.0),A,ITE16,KILLEDINDX,9,2023,1.22549,,,,,,,,,
IT1:41_287_DF_DCIS_INDINCIDENT_1(1.0),A,ITE17,KILLEDINDX,1,2023,0.80935,,,,,,,,,
IT1:41_287_DF_DCIS_INDINCIDENT_1(1.0),A,ITE17,KILLEDINDX,3,2023,4.55635,,,,,,,,,
IT1:41_287_DF_DCIS_INDINCIDENT_1(1.0),A,ITE17,KILLEDINDX,9,2023,1.79949,,,,,,,,,
IT1:41_287_DF_DCIS_INDINCIDENT_1(1.0),A,ITE18,KILLEDINDX,1,2023,1.54639,,,,,,,,,
IT1:41_287_DF_DCIS_INDINCIDENT_1(1.0),A,ITE18,KILLEDINDX,3,2023,5.95745,,,,,,,,,
IT1:41_287_DF_DCIS_INDINCIDENT_1(1.0),A,ITE18,KILLEDINDX,9,2023,2.63459,,,,,,,,,
IT1:41_287_DF_DCIS_INDINCIDENT_1(1.0),A,ITE19,KILLEDINDX,1,2023,0.87719,,,,,,,,,
IT1:41_287_DF_DCIS_INDINCIDENT_1(1.0),A,ITE19,KILLEDINDX,2,2023,1.81818,,,,,,,,,
IT1:41_287_DF_DCIS_INDINCIDENT_1(1.0),A,ITE19,KILLEDINDX,3,2023,2.3622,,,,,,,,,
IT1:41_287_DF_DCIS_INDINCIDENT_1(1.0),A,ITE19,KILLEDINDX,9,2023,1.43791,,,,,,,,,
IT1:41_287_DF_DCIS_INDINCIDENT_1(1.0),A,ITE1A,KILLEDINDX,1,2023,0.56497,,,,,,,,,
IT1:41_287_DF_DCIS_INDINCIDENT_1(1.0),A,ITE1A,KILLEDINDX,3,2023,4.01235,,,,,,,,,
IT1:41_287_DF_DCIS_INDINCIDENT_1(1.0),A,ITE1A,KILLEDINDX,9,2023,1.87135,,,,,,,,,
IT1:41_287_DF_DCIS_INDINCIDENT_1(1.0),A,ITE2,KILLEDINDX,1,2023,1.28988,,,,,,,,,
IT1:41_287_DF_DCIS_INDINCIDENT_1(1.0),A,ITE2,KILLEDINDX,2,2023,6.48148,,,,,,,,,
IT1:41_287_DF_DCIS_INDINCIDENT_1(1.0),A,ITE2,KILLEDINDX,3,2023,2.71817,,,,,,,,,
IT1:41_287_DF_DCIS_INDINCIDENT_1(1.0),A,ITE2,KILLEDINDX,9,2023,1.97368,,,,,,,,,
IT1:41_287_DF_DCIS_INDINCIDENT_1(1.0),A,ITE21,KILLEDINDX,1,2023,1.52526,,,,,,,,,
IT1:41_287_DF_DCIS_INDINCIDENT_1(1.0),A,ITE21,KILLEDINDX,2,2023,7.89474,,,,,,,,,
IT1:41_287_DF_DCIS_INDINCIDENT_1(1.0),A,ITE21,KILLEDINDX,3,2023,2.82486,,,,,,,,,
IT1:41_287_DF_DCIS_INDINCIDENT_1(1.0),A,ITE21,KILLEDINDX,9,2023,2.2343,,,,,,,,,
IT1:41_287_DF_DCIS_INDINCIDENT_1(1.0),A,ITE22,KILLEDINDX,1,2023,0.70755,,,,,,,,,
IT1:41_287_DF_DCIS_INDINCIDENT_1(1.0),A,ITE22,KILLEDINDX,2,2023,3.125,,,,,,,,,
IT1:41_287_DF_DCIS_INDINCIDENT_1(1.0),A,ITE22,KILLEDINDX,3,2023,2.38095,,,,,,,,,
IT1:41_287_DF_DCIS_INDINCIDENT_1(1.0),A,ITE22,KILLEDINDX,9,2023,1.28205,,,,,,,,,
IT1:41_287_DF_DCIS_INDINCIDENT_1(1.0),A,ITE3,KILLEDINDX,1,2023,0.93842,,,,,,,,,
IT1:41_287_DF_DCIS_INDINCIDENT_1(1.0),A,ITE3,KILLEDINDX,2,2023,8.18713,,,,,,,,,
IT1:41_287_DF_DCIS_INDINCIDENT_1(1.0),A,ITE3,KILLEDINDX,3,2023,3.12727,,,,,,,,,
IT1:41_287_DF_DCIS_INDINCIDENT_1(1.0),A,ITE3,KILLEDINDX,9,2023,1.7958,,,,,,,,,
IT1:41_287_DF_DCIS_INDINCIDENT_1(1.0),A,ITE31,KILLEDINDX,1,2023,1.28205,,,,,,,,,
IT1:41_287_DF_DCIS_INDINCIDENT_1(1.0),A,ITE31,KILLEDINDX,2,2023,10,,,,,,,,,
IT1:41_287_DF_DCIS_INDINCIDENT_1(1.0),A,ITE31,KILLEDINDX,3,2023,5.12821,,,,,,,,,
IT1:41_287_DF_DCIS_INDINCIDENT_1(1.0),A,ITE31,KILLEDINDX,9,2023,2.43697,,,,,,,,,
IT1:41_287_DF_DCIS_INDINCIDENT_1(1.0),A,ITE32,KILLEDINDX,1,2023,0.96831,,,,,,,,,
IT1:41_287_DF_DCIS_INDINCIDENT_1(1.0),A,ITE32,KILLEDINDX,2,2023,13.15789,,,,,,,,,
IT1:41_287_DF_DCIS_INDINCIDENT_1(1.0),A,ITE32,KILLEDINDX,3,2023,2.5,,,,,,,,,
IT1:41_287_DF_DCIS_INDINCIDENT_1(1.0),A,ITE32,KILLEDINDX,9,2023,1.65184,,,,,,,,,
IT1:41_287_DF_DCIS_INDINCIDENT_1(1.0),A,ITE33,KILLEDINDX,1,2023,0.69686,,,,,,,,,
IT1:41_287_DF_DCIS_INDINCIDENT_1(1.0),A,ITE33,KILLEDINDX,3,2023,2.65252,,,,,,,,,
IT1:41_287_DF_DCIS_INDINCIDENT_1(1.0),A,ITE33,KILLEDINDX,9,2023,1.44778,,,,,,,,,
IT1:41_287_DF_DCIS_INDINCIDENT_1(1.0),A,ITE34,KILLEDINDX,1,2023,0.76482,,,,,,,,,
IT1:41_287_DF_DCIS_INDINCIDENT_1(1.0),A,ITE34,KILLEDINDX,2,2023,11.86441,,,,,,,,,
IT1:41_287_DF_DCIS_INDINCIDENT_1(1.0),A,ITE34,KILLEDINDX,3,2023,4.31034,,,,,,,,,
IT1:41_287_DF_DCIS_INDINCIDENT_1(1.0),A,ITE34,KILLEDINDX,9,2023,2.29226,,,,,,,,,
IT1:41_287_DF_DCIS_INDINCIDENT_1(1.0),A,ITE4,KILLEDINDX,1,2023,1.24538,,,,,,,,,
IT1:41_287_DF_DCIS_INDINCIDENT_1(1.0),A,ITE4,KILLEDINDX,2,2023,2.04403,,,,,,,,,
IT1:41_287_DF_DCIS_INDINCIDENT_1(1.0),A,ITE4,KILLEDINDX,3,2023,3.95062,,,,,,,,,
IT1:41_287_DF_DCIS_INDINCIDENT_1(1.0),A,ITE4,KILLEDINDX,9,2023,1.73616,,,,,,,,,
IT1:41_287_DF_DCIS_INDINCIDENT_1(1.0),A,ITE41,KILLEDINDX,1,2023,0.72115,,,,,,,,,
IT1:41_287_DF_DCIS_INDINCIDENT_1(1.0),A,ITE41,KILLEDINDX,3,2023,4.10959,,,,,,,,,
IT1:41_287_DF_DCIS_INDINCIDENT_1(1.0),A,ITE41,KILLEDINDX,9,2023,2.24439,,,,,,,,,
IT1:41_287_DF_DCIS_INDINCIDENT_1(1.0),A,ITE42,KILLEDINDX,1,2023,2.31214,,,,,,,,,
IT1:41_287_DF_DCIS_INDINCIDENT_1(1.0),A,ITE42,KILLEDINDX,3,2023,7.18232,,,,,,,,,
IT1:41_287_DF_DCIS_INDINCIDENT_1(1.0),A,ITE42,KILLEDINDX,9,2023,4.56989,,,,,,,,,
IT1:41_287_DF_DCIS_INDINCIDENT_1(1.0),A,ITE43,KILLEDINDX,1,2023,1.19244,,,,,,,,,
IT1:41_287_DF_DCIS_INDINCIDENT_1(1.0),A,ITE43,KILLEDINDX,2,2023,2.0202,,,,,,,,,
IT1:41_287_DF_DCIS_INDINCIDENT_1(1.0),A,ITE43,KILLEDINDX,3,2023,2.56724,,,,,,,,,
IT1:41_287_DF_DCIS_INDINCIDENT_1(1.0),A,ITE43,KILLEDINDX,9,2023,1.38863,,,,,,,,,
IT1:41_287_DF_DCIS_INDINCIDENT_1(1.0),A,ITE44,KILLEDINDX,1,2023,1.50905,,,,,,,,,
IT1:41_287_DF_DCIS_INDINCIDENT_1(1.0),A,ITE44,KILLEDINDX,3,2023,6.02941,,,,,,,,,
IT1:41_287_DF_DCIS_INDINCIDENT_1(1.0),A,ITE44,KILLEDINDX,9,2023,3.34528,,,,,,,,,
IT1:41_287_DF_DCIS_INDINCIDENT_1(1.0),A,ITE45,KILLEDINDX,1,2023,2.2,,,,,,,,,
IT1:41_287_DF_DCIS_INDINCIDENT_1(1.0),A,ITE45,KILLEDINDX,2,2023,2.77778,,,,,,,,,
IT1:41_287_DF_DCIS_INDINCIDENT_1(1.0),A,ITE45,KILLEDINDX,3,2023,4.49735,,,,,,,,,
IT1:41_287_DF_DCIS_INDINCIDENT_1(1.0),A,ITE45,KILLEDINDX,9,2023,3.13112,,,,,,,,,
IT1:41_287_DF_DCIS_INDINCIDENT_1(1.0),A,ITF,KILLEDINDX,1,2023,1.2801,,,,,,,,,
IT1:41_287_DF_DCIS_INDINCIDENT_1(1.0),A,ITF,KILLEDINDX,2,2023,3.41615,,,,,,,,,
IT1:41_287_DF_DCIS_INDINCIDENT_1(1.0),A,ITF,KILLEDINDX,3,2023,5.54761,,,,,,,,,
IT1:41_287_DF_DCIS_INDINCIDENT_1(1.0),A,ITF,KILLEDINDX,9,2023,2.4723,,,,,,,,,
IT1:41_287_DF_DCIS_INDINCIDENT_1(1.0),A,ITF1,KILLEDINDX,1,2023,1.0574,,,,,,,,,
IT1:41_287_DF_DCIS_INDINCIDENT_1(1.0),A,ITF1,KILLEDINDX,2,2023,4.38596,,,,,,,,,
IT1:41_287_DF_DCIS_INDINCIDENT_1(1.0),A,ITF1,KILLEDINDX,3,2023,5.39474,,,,,,,,,
IT1:41_287_DF_DCIS_INDINCIDENT_1(1.0),A,ITF1,KILLEDINDX,9,2023,2.42098,,,,,,,,,
IT1:41_287_DF_DCIS_INDINCIDENT_1(1.0),A,ITF11,KILLEDINDX,1,2023,0.31646,,,,,,,,,
IT1:41_287_DF_DCIS_INDINCIDENT_1(1.0),A,ITF11,KILLEDINDX,2,2023,3.84615,,,,,,,,,
IT1:41_287_DF_DCIS_INDINCIDENT_1(1.0),A,ITF11,KILLEDINDX,3,2023,5.74163,,,,,,,,,
IT1:41_287_DF_DCIS_INDINCIDENT_1(1.0),A,ITF11,KILLEDINDX,9,2023,2.59965,,,,,,,,,
IT1:41_287_DF_DCIS_INDINCIDENT_1(1.0),A,ITF12,KILLEDINDX,1,2023,1.29032,,,,,,,,,
IT1:41_287_DF_DCIS_INDINCIDENT_1(1.0),A,ITF12,KILLEDINDX,2,2023,2.7027,,,,,,,,,
IT1:41_287_DF_DCIS_INDINCIDENT_1(1.0),A,ITF12,KILLEDINDX,3,2023,4.24528,,,,,,,,,
IT1:41_287_DF_DCIS_INDINCIDENT_1(1.0),A,ITF12,KILLEDINDX,9,2023,2.26365,,,,,,,,,
IT1:41_287_DF_DCIS_INDINCIDENT_1(1.0),A,ITF13,KILLEDINDX,1,2023,1.08108,,,,,,,,,
IT1:41_287_DF_DCIS_INDINCIDENT_1(1.0),A,ITF13,KILLEDINDX,2,2023,10.34483,,,,,,,,,
IT1:41_287_DF_DCIS_INDINCIDENT_1(1.0),A,ITF13,KILLEDINDX,3,2023,4.34783,,,,,,,,,
IT1:41_287_DF_DCIS_INDINCIDENT_1(1.0),A,ITF13,KILLEDINDX,9,2023,1.80995,,,,,,,,,
IT1:41_287_DF_DCIS_INDINCIDENT_1(1.0),A,ITF14,KILLEDINDX,1,2023,1.29032,,,,,,,,,
IT1:41_287_DF_DCIS_INDINCIDENT_1(1.0),A,ITF14,KILLEDINDX,2,2023,4.10959,,,,,,,,,
IT1:41_287_DF_DCIS_INDINCIDENT_1(1.0),A,ITF14,KILLEDINDX,3,2023,6.69643,,,,,,,,,
IT1:41_287_DF_DCIS_INDINCIDENT_1(1.0),A,ITF14,KILLEDINDX,9,2023,3.14961,,,,,,,,,
IT1:41_287_DF_DCIS_INDINCIDENT_1(1.0),A,ITF2,KILLEDINDX,1,2023,1.14943,,,,,,,,,
IT1:41_287_DF_DCIS_INDINCIDENT_1(1.0),A,ITF2,KILLEDINDX,3,2023,6.37255,,,,,,,,,
IT1:41_287_DF_DCIS_INDINCIDENT_1(1.0),A,ITF2,KILLEDINDX,9,2023,3.36134,,,,,,,,,
IT1:41_287_DF_DCIS_INDINCIDENT_1(1.0),A,ITF21,KILLEDINDX,3,2023,4.54545,,,,,,,,,
IT1:41_287_DF_DCIS_INDINCIDENT_1(1.0),A,ITF21,KILLEDINDX,9,2023,2.5974,,,,,,,,,
IT1:41_287_DF_DCIS_INDINCIDENT_1(1.0),A,ITF22,KILLEDINDX,1,2023,1.53846,,,,,,,,,
IT1:41_287_DF_DCIS_INDINCIDENT_1(1.0),A,ITF22,KILLEDINDX,3,2023,7.75862,,,,,,,,,
IT1:41_287_DF_DCIS_INDINCIDENT_1(1.0),A,ITF22,KILLEDINDX,9,2023,3.72671,,,,,,,,,
IT1:41_287_DF_DCIS_INDINCIDENT_1(1.0),A,ITF3,KILLEDINDX,1,2023,1.44813,,,,,,,,,
IT1:41_287_DF_DCIS_INDINCIDENT_1(1.0),A,ITF3,KILLEDINDX,2,2023,2.98913,,,,,,,,,
IT1:41_287_DF_DCIS_INDINCIDENT_1(1.0),A,ITF3,KILLEDINDX,3,2023,4.60733,,,,,,,,,
IT1:41_287_DF_DCIS_INDINCIDENT_1(1.0),A,ITF3,KILLEDINDX,9,2023,2.14802,,,,,,,,,
IT1:41_287_DF_DCIS_INDINCIDENT_1(1.0),A,ITF31,KILLEDINDX,1,2023,1.73469,,,,,,,,,
IT1:41_287_DF_DCIS_INDINCIDENT_1(1.0),A,ITF31,KILLEDINDX,2,2023,4.25532,,,,,,,,,
IT1:41_287_DF_DCIS_INDINCIDENT_1(1.0),A,ITF31,KILLEDINDX,3,2023,7.10526,,,,,,,,,
IT1:41_287_DF_DCIS_INDINCIDENT_1(1.0),A,ITF31,KILLEDINDX,9,2023,3.30124,,,,,,,,,
IT1:41_287_DF_DCIS_INDINCIDENT_1(1.0),A,ITF32,KILLEDINDX,1,2023,1.6129,,,,,,,,,
IT1:41_287_DF_DCIS_INDINCIDENT_1(1.0),A,ITF32,KILLEDINDX,3,2023,7.61905,,,,,,,,,
IT1:41_287_DF_DCIS_INDINCIDENT_1(1.0),A,ITF32,KILLEDINDX,9,2023,3.75427,,,,,,,,,
IT1:41_287_DF_DCIS_INDINCIDENT_1(1.0),A,ITF33,KILLEDINDX,1,2023,1.3729,,,,,,,,,
IT1:41_287_DF_DCIS_INDINCIDENT_1(1.0),A,ITF33,KILLEDINDX,2,2023,1.62602,,,,,,,,,
IT1:41_287_DF_DCIS_INDINCIDENT_1(1.0),A,ITF33,KILLEDINDX,3,2023,3.76648,,,,,,,,,
IT1:41_287_DF_DCIS_INDINCIDENT_1(1.0),A,ITF33,KILLEDINDX,9,2023,1.62482,,,,,,,,,
IT1:41_287_DF_DCIS_INDINCIDENT_1(1.0),A,ITF34,KILLEDINDX,1,2023,2.65152,,,,,,,,,
IT1:41_287_DF_DCIS_INDINCIDENT_1(1.0),A,ITF34,KILLEDINDX,2,2023,3.63636,,,,,,,,,
IT1:41_287_DF_DCIS_INDINCIDENT_1(1.0),A,ITF34,KILLEDINDX,3,2023,5.7971,,,,,,,,,
IT1:41_287_DF_DCIS_INDINCIDENT_1(1.0),A,ITF34,KILLEDINDX,9,2023,3.9924,,,,,,,,,
IT1:41_287_DF_DCIS_INDINCIDENT_1(1.0),A,ITF35,KILLEDINDX,1,2023,1.27273,,,,,,,,,
IT1:41_287_DF_DCIS_INDINCIDENT_1(1.0),A,ITF35,KILLEDINDX,2,2023,4.62963,,,,,,,,,
IT1:41_287_DF_DCIS_INDINCIDENT_1(1.0),A,ITF35,KILLEDINDX,3,2023,3.05677,,,,,,,,,
IT1:41_287_DF_DCIS_INDINCIDENT_1(1.0),A,ITF35,KILLEDINDX,9,2023,2.03682,,,,,,,,,
IT1:41_287_DF_DCIS_INDINCIDENT_1(1.0),A,ITF4,KILLEDINDX,1,2023,0.91704,,,,,,,,,
IT1:41_287_DF_DCIS_INDINCIDENT_1(1.0),A,ITF4,KILLEDINDX,2,2023,4.47761,,,,,,,,,
IT1:41_287_DF_DCIS_INDINCIDENT_1(1.0),A,ITF4,KILLEDINDX,3,2023,5.89918,,,,,,,,,
IT1:41_287_DF_DCIS_INDINCIDENT_1(1.0),A,ITF4,KILLEDINDX,9,2023,2.357,,,,,,,,,
IT1:41_287_DF_DCIS_INDINCIDENT_1(1.0),A,ITF41,KILLEDINDX,1,2023,1.60296,,,,,,,,,
IT1:41_287_DF_DCIS_INDINCIDENT_1(1.0),A,ITF41,KILLEDINDX,2,2023,5.88235,,,,,,,,,
IT1:41_287_DF_DCIS_INDINCIDENT_1(1.0),A,ITF41,KILLEDINDX,3,2023,9.45946,,,,,,,,,
IT1:41_287_DF_DCIS_INDINCIDENT_1(1.0),A,ITF41,KILLEDINDX,9,2023,4.11523,,,,,,,,,
IT1:41_287_DF_DCIS_INDINCIDENT_1(1.0),A,ITF42,KILLEDINDX,1,2023,0.66876,,,,,,,,,
IT1:41_287_DF_DCIS_INDINCIDENT_1(1.0),A,ITF42,KILLEDINDX,2,2023,6.25,,,,,,,,,
IT1:41_287_DF_DCIS_INDINCIDENT_1(1.0),A,ITF42,KILLEDINDX,3,2023,3.82679,,,,,,,,,
IT1:41_287_DF_DCIS_INDINCIDENT_1(1.0),A,ITF42,KILLEDINDX,9,2023,1.57702,,,,,,,,,
IT1:41_287_DF_DCIS_INDINCIDENT_1(1.0),A,ITF43,KILLEDINDX,1,2023,1.37741,,,,,,,,,
IT1:41_287_DF_DCIS_INDINCIDENT_1(1.0),A,ITF43,KILLEDINDX,3,2023,8.93372,,,,,,,,,
IT1:41_287_DF_DCIS_INDINCIDENT_1(1.0),A,ITF43,KILLEDINDX,9,2023,3.20111,,,,,,,,,
IT1:41_287_DF_DCIS_INDINCIDENT_1(1.0),A,ITF44,KILLEDINDX,1,2023,0.67797,,,,,,,,,
IT1:41_287_DF_DCIS_INDINCIDENT_1(1.0),A,ITF44,KILLEDINDX,3,2023,4.18848,,,,,,,,,
IT1:41_287_DF_DCIS_INDINCIDENT_1(1.0),A,ITF44,KILLEDINDX,9,2023,2.05761,,,,,,,,,
IT1:41_287_DF_DCIS_INDINCIDENT_1(1.0),A,ITF45,KILLEDINDX,1,2023,0.92237,,,,,,,,,
IT1:41_287_DF_DCIS_INDINCIDENT_1(1.0),A,ITF45,KILLEDINDX,3,2023,5.62016,,,,,,,,,
IT1:41_287_DF_DCIS_INDINCIDENT_1(1.0),A,ITF45,KILLEDINDX,9,2023,2.25647,,,,,,,,,
IT1:41_287_DF_DCIS_INDINCIDENT_1(1.0),A,ITF5,KILLEDINDX,1,2023,1.65746,,,,,,,,,
IT1:41_287_DF_DCIS_INDINCIDENT_1(1.0),A,ITF5,KILLEDINDX,3,2023,4.59184,,,,,,,,,
IT1:41_287_DF_DCIS_INDINCIDENT_1(1.0),A,ITF5,KILLEDINDX,9,2023,2.78926,,,,,,,,,
IT1:41_287_DF_DCIS_INDINCIDENT_1(1.0),A,ITF51,KILLEDINDX,1,2023,1.69492,,,,,,,,,
IT1:41_287_DF_DCIS_INDINCIDENT_1(1.0),A,ITF51,KILLEDINDX,3,2023,5.47945,,,,,,,,,
IT1:41_287_DF_DCIS_INDINCIDENT_1(1.0),A,ITF51,KILLEDINDX,9,2023,3.10786,,,,,,,,,
IT1:41_287_DF_DCIS_INDINCIDENT_1(1.0),A,ITF52,KILLEDINDX,1,2023,1.6129,,,,,,,,,
IT1:41_287_DF_DCIS_INDINCIDENT_1(1.0),A,ITF52,KILLEDINDX,3,2023,3.46821,,,,,,,,,
IT1:41_287_DF_DCIS_INDINCIDENT_1(1.0),A,ITF52,KILLEDINDX,9,2023,2.3753,,,,,,,,,
IT1:41_287_DF_DCIS_INDINCIDENT_1(1.0),A,ITF6,KILLEDINDX,1,2023,2.1816,,,,,,,,,
IT1:41_287_DF_DCIS_INDINCIDENT_1(1.0),A,ITF6,KILLEDINDX,2,2023,4.22535,,,,,,,,,
IT1:41_287_DF_DCIS_INDINCIDENT_1(1.0),A,ITF6,KILLEDINDX,3,2023,6.76692,,,,,,,,,
IT1:41_287_DF_DCIS_INDINCIDENT_1(1.0),A,ITF6,KILLEDINDX,9,2023,3.83803,,,,,,,,,
IT1:41_287_DF_DCIS_INDINCIDENT_1(1.0),A,ITF61,KILLEDINDX,1,2023,2.06379,,,,,,,,,
IT1:41_287_DF_DCIS_INDINCIDENT_1(1.0),A,ITF61,KILLEDINDX,2,2023,2.53165,,,,,,,,,
IT1:41_287_DF_DCIS_INDINCIDENT_1(1.0),A,ITF61,KILLEDINDX,3,2023,8.18505,,,,,,,,,
IT1:41_287_DF_DCIS_INDINCIDENT_1(1.0),A,ITF61,KILLEDINDX,9,2023,4.03135,,,,,,,,,
IT1:41_287_DF_DCIS_INDINCIDENT_1(1.0),A,ITF62,KILLEDINDX,1,2023,1.78571,,,,,,,,,
IT1:41_287_DF_DCIS_INDINCIDENT_1(1.0),A,ITF62,KILLEDINDX,3,2023,6.48148,,,,,,,,,
IT1:41_287_DF_DCIS_INDINCIDENT_1(1.0),A,ITF62,KILLEDINDX,9,2023,3.62319,,,,,,,,,
IT1:41_287_DF_DCIS_INDINCIDENT_1(1.0),A,ITF63,KILLEDINDX,1,2023,3.28947,,,,,,,,,
IT1:41_287_DF_DCIS_INDINCIDENT_1(1.0),A,ITF63,KILLEDINDX,2,2023,9.375,,,,,,,,,
IT1:41_287_DF_DCIS_INDINCIDENT_1(1.0),A,ITF63,KILLEDINDX,3,2023,5.16432,,,,,,,,,
IT1:41_287_DF_DCIS_INDINCIDENT_1(1.0),A,ITF63,KILLEDINDX,9,2023,4.37158,,,,,,,,,
IT1:41_287_DF_DCIS_INDINCIDENT_1(1.0),A,ITF64,KILLEDINDX,1,2023,1.11111,,,,,,,,,
IT1:41_287_DF_DCIS_INDINCIDENT_1(1.0),A,ITF64,KILLEDINDX,2,2023,7.69231,,,,,,,,,
IT1:41_287_DF_DCIS_INDINCIDENT_1(1.0),A,ITF64,KILLEDINDX,3,2023,7.07071,,,,,,,,,
IT1:41_287_DF_DCIS_INDINCIDENT_1(1.0),A,ITF64,KILLEDINDX,9,2023,4.45545,,,,,,,,,
IT1:41_287_DF_DCIS_INDINCIDENT_1(1.0),A,ITF65,KILLEDINDX,1,2023,1.99667,,,,,,,,,
IT1:41_287_DF_DCIS_INDINCIDENT_1(1.0),A,ITF65,KILLEDINDX,2,2023,3.37079,,,,,,,,,
IT1:41_287_DF_DCIS_INDINCIDENT_1(1.0),A,ITF65,KILLEDINDX,3,2023,6.52174,,,,,,,,,
IT1:41_287_DF_DCIS_INDINCIDENT_1(1.0),A,ITF65,KILLEDINDX,9,2023,3.26087,,,,,,,,,
IT1:41_287_DF_DCIS_INDINCIDENT_1(1.0),A,ITG,KILLEDINDX,1,2023,1.4432,,,,,,,,,
IT1:41_287_DF_DCIS_INDINCIDENT_1(1.0),A,ITG,KILLEDINDX,2,2023,3.33333,,,,,,,,,
IT1:41_287_DF_DCIS_INDINCIDENT_1(1.0),A,ITG,KILLEDINDX,3,2023,5.47489,,,,,,,,,
IT1:41_287_DF_DCIS_INDINCIDENT_1(1.0),A,ITG,KILLEDINDX,9,2023,2.46818,,,,,,,,,
IT1:41_287_DF_DCIS_INDINCIDENT_1(1.0),A,ITG1,KILLEDINDX,1,2023,1.40998,,,,,,,,,
IT1:41_287_DF_DCIS_INDINCIDENT_1(1.0),A,ITG1,KILLEDINDX,2,2023,3.33333,,,,,,,,,
IT1:41_287_DF_DCIS_INDINCIDENT_1(1.0),A,ITG1,KILLEDINDX,3,2023,5.44872,,,,,,,,,
IT1:41_287_DF_DCIS_INDINCIDENT_1(1.0),A,ITG1,KILLEDINDX,9,2023,2.2253,,,,,,,,,
IT1:41_287_DF_DCIS_INDINCIDENT_1(1.0),A,ITG11,KILLEDINDX,1,2023,1.76282,,,,,,,,,
IT1:41_287_DF_DCIS_INDINCIDENT_1(1.0),A,ITG11,KILLEDINDX,2,2023,7.14286,,,,,,,,,
IT1:41_287_DF_DCIS_INDINCIDENT_1(1.0),A,ITG11,KILLEDINDX,3,2023,7.25389,,,,,,,,,
IT1:41_287_DF_DCIS_INDINCIDENT_1(1.0),A,ITG11,KILLEDINDX,9,2023,3.2596,,,,,,,,,
IT1:41_287_DF_DCIS_INDINCIDENT_1(1.0),A,ITG12,KILLEDINDX,1,2023,1.43885,,,,,,,,,
IT1:41_287_DF_DCIS_INDINCIDENT_1(1.0),A,ITG12,KILLEDINDX,2,2023,3.82514,,,,,,,,,
IT1:41_287_DF_DCIS_INDINCIDENT_1(1.0),A,ITG12,KILLEDINDX,3,2023,4.98221,,,,,,,,,
IT1:41_287_DF_DCIS_INDINCIDENT_1(1.0),A,ITG12,KILLEDINDX,9,2023,1.97173,,,,,,,,,
IT1:41_287_DF_DCIS_INDINCIDENT_1(1.0),A,ITG13,KILLEDINDX,1,2023,1.34615,,,,,,,,,
IT1:41_287_DF_DCIS_INDINCIDENT_1(1.0),A,ITG13,KILLEDINDX,2,2023,4.87805,,,,,,,,,
IT1:41_287_DF_DCIS_INDINCIDENT_1(1.0),A,ITG13,KILLEDINDX,3,2023,4.93827,,,,,,,,,
IT1:41_287_DF_DCIS_INDINCIDENT_1(1.0),A,ITG13,KILLEDINDX,9,2023,2.19619,,,,,,,,,
IT1:41_287_DF_DCIS_INDINCIDENT_1(1.0),A,ITG14,KILLEDINDX,1,2023,1.44928,,,,,,,,,
IT1:41_287_DF_DCIS_INDINCIDENT_1(1.0),A,ITG14,KILLEDINDX,3,2023,2.43902,,,,,,,,,
IT1:41_287_DF_DCIS_INDINCIDENT_1(1.0),A,ITG14,KILLEDINDX,9,2023,1.81818,,,,,,,,,
IT1:41_287_DF_DCIS_INDINCIDENT_1(1.0),A,ITG15,KILLEDINDX,1,2023,1.16009,,,,,,,,,
IT1:41_287_DF_DCIS_INDINCIDENT_1(1.0),A,ITG15,KILLEDINDX,2,2023,14.28571,,,,,,,,,
IT1:41_287_DF_DCIS_INDINCIDENT_1(1.0),A,ITG15,KILLEDINDX,3,2023,6.19469,,,,,,,,,
IT1:41_287_DF_DCIS_INDINCIDENT_1(1.0),A,ITG15,KILLEDINDX,9,2023,2.35935,,,,,,,,,
IT1:41_287_DF_DCIS_INDINCIDENT_1(1.0),A,ITG16,KILLEDINDX,1,2023,2.38095,,,,,,,,,
IT1:41_287_DF_DCIS_INDINCIDENT_1(1.0),A,ITG16,KILLEDINDX,2,2023,3.84615,,,,,,,,,
IT1:41_287_DF_DCIS_INDINCIDENT_1(1.0),A,ITG16,KILLEDINDX,3,2023,6.66667,,,,,,,,,
IT1:41_287_DF_DCIS_INDINCIDENT_1(1.0),A,ITG16,KILLEDINDX,9,2023,4.32432,,,,,,,,,
IT1:41_287_DF_DCIS_INDINCIDENT_1(1.0),A,ITG17,KILLEDINDX,1,2023,1.39116,,,,,,,,,
IT1:41_287_DF_DCIS_INDINCIDENT_1(1.0),A,ITG17,KILLEDINDX,2,2023,0.94787,,,,,,,,,
IT1:41_287_DF_DCIS_INDINCIDENT_1(1.0),A,ITG17,KILLEDINDX,3,2023,6.10329,,,,,,,,,
IT1:41_287_DF_DCIS_INDINCIDENT_1(1.0),A,ITG17,KILLEDINDX,9,2023,2.01233,,,,,,,,,
IT1:41_287_DF_DCIS_INDINCIDENT_1(1.0),A,ITG18,KILLEDINDX,1,2023,1.0661,,,,,,,,,
IT1:41_287_DF_DCIS_INDINCIDENT_1(1.0),A,ITG18,KILLEDINDX,3,2023,5.36585,,,,,,,,,
IT1:41_287_DF_DCIS_INDINCIDENT_1(1.0),A,ITG18,KILLEDINDX,9,2023,2.37389,,,,,,,,,
IT1:41_287_DF_DCIS_INDINCIDENT_1(1.0),A,ITG19,KILLEDINDX,1,2023,1.41287,,,,,,,,,
IT1:41_287_DF_DCIS_INDINCIDENT_1(1.0),A,ITG19,KILLEDINDX,3,2023,5.66038,,,,,,,,,
IT1:41_287_DF_DCIS_INDINCIDENT_1(1.0),A,ITG19,KILLEDINDX,9,2023,2.39726,,,,,,,,,
IT1:41_287_DF_DCIS_INDINCIDENT_1(1.0),A,ITG2,KILLEDINDX,1,2023,1.58406,,,,,,,,,
IT1:41_287_DF_DCIS_INDINCIDENT_1(1.0),A,ITG2,KILLEDINDX,3,2023,5.50907,,,,,,,,,
IT1:41_287_DF_DCIS_INDINCIDENT_1(1.0),A,ITG2,KILLEDINDX,9,2023,3.24388,,,,,,,,,
IT1:41_287_DF_DCIS_INDINCIDENT_1(1.0),A,ITG25,KILLEDINDX,1,2023,0.5767,,,,,,,,,
IT1:41_287_DF_DCIS_INDINCIDENT_1(1.0),A,ITG25,KILLEDINDX,3,2023,3.74332,,,,,,,,,
IT1:41_287_DF_DCIS_INDINCIDENT_1(1.0),A,ITG25,KILLEDINDX,9,2023,1.82073,,,,,,,,,
IT1:41_287_DF_DCIS_INDINCIDENT_1(1.0),A,ITG26,KILLEDINDX,1,2023,6.8323,,,,,,,,,
IT1:41_287_DF_DCIS_INDINCIDENT_1(1.0),A,ITG26,KILLEDINDX,3,2023,5.7971,,,,,,,,,
IT1:41_287_DF_DCIS_INDINCIDENT_1(1.0),A,ITG26,KILLEDINDX,9,2023,6.25,,,,,,,,,
IT1:41_287_DF_DCIS_INDINCIDENT_1(1.0),A,ITG27,KILLEDINDX,1,2023,1.99387,,,,,,,,,
IT1:41_287_DF_DCIS_INDINCIDENT_1(1.0),A,ITG27,KILLEDINDX,3,2023,6.22407,,,,,,,,,
IT1:41_287_DF_DCIS_INDINCIDENT_1(1.0),A,ITG27,KILLEDINDX,9,2023,3.1355,,,,,,,,,
IT1:41_287_DF_DCIS_INDINCIDENT_1(1.0),A,ITG28,KILLEDINDX,1,2023,0.86957,,,,,,,,,
IT1:41_287_DF_DCIS_INDINCIDENT_1(1.0),A,ITG28,KILLEDINDX,3,2023,3.0303,,,,,,,,,
IT1:41_287_DF_DCIS_INDINCIDENT_1(1.0),A,ITG28,KILLEDINDX,9,2023,2.02429,,,,,,,,,
