Tipo_Contravvenzione;Polizia_Stradale;Carabinieri;Polizia_Locale;Totale
Limiti di velocità;591383;369;2527495;3119247
Utilizzo incorretto della carreggiata;11017;10787;12511;34315
Mancata Precedenza;4662;9393;20745;34800
Inosservanza della segnaletica;26759;8439;721632;756830
Sorpasso dei veicoli;13049;16962;5100;35111
Distanza di sicurezza;5851;3220;4425;13496
Utilizzo della segnaletica;7664;1517;1703;10884
Inversione di marcia;6319;2899;21887;31105
Inquinamento acustico;493;969;602;2064
Fermate non consentite;16032;22822;3117364;3156218
Ingombro della carreggiata;2502;388;4098;6988
Sistemazione carichi;6597;718;1129;8444
Limiti di peso;34484;118;1496;36098
Merci pericolose;4138;13;138;4289
Trasporto di animali su moto;5239;1812;3433;10484
Trasporto di persone su moto;482;1179;651;2312
Uso del casco;3439;7976;52466;63881
Cintura di sicurezza;77306;51520;31513;160339
Utilizzo telefoni;48070;21744;55810;125624
Rispetto dei tempi di guida e di riposo dei conducenti dei veicoli pesanti;38304;63;2068;40435
Comportamento su strade non urbane;174766;259;85;175110
Manomissione cruscotto;7800;73;973;8846
Mancati documenti;92695;61265;127859;281819
Norme dei ciclisti;121;262;1706;2089
Stato di ebbrezza;15893;15589;7564;39046
Alterazione da droghe;1639;1891;779;4309
Mancato soccorrimento;2007;2648;6393;11048
Comportamento dei pedoni;210;294;2482;2986
Comportamento dei conducenti verso i pedoni;638;1180;7038;8856
Mancata assicurazione;38778;50505;53119;142402
