Tipo_Contravvenzione;Polizia_Stradale;Carabinieri;Polizia_Locale;Totale
Velocità non moderata (caratteristiche strada, meteorologiche e del traffico);41911;23831;37146;102888
Superamento dei limiti di velocità;591383;369;2527495;3119247
Posizione dei veicoli sulla carreggiata,uso delle corsie,marcia in file parallele;11017;10787;12511;34315
Obblighi di precedenza;4662;9393;20745;34800
Inosservanza della segnaletica orizzontale e semaforica;26759;8439;721632;756830
Disciplina del sorpasso dei veicoli;13049;16962;5100;35111
Rispetto della distanza di sicurezza;5851;3220;4425;13496
Uso dei dispositivi di segnalazione visiva e di illuminazione;7664;1517;1703;10884
Disciplina del cambio di direzione e di corsia;6319;2899;21887;31105
Limitazione dei rumori de silenziatori e degli apparati radio;493;969;602;2064
Disciplina dell'arresto1 della fermata e della sosta fuori e dentro i centri abitati;16032;22822;3117364;3156218
Ingombro della carreggiata,segnalazione e traino dei veicoli in avaria;2502;388;4098;6988
Norme sulla sistemazione del carico sui veicoli;6597;718;1129;8444
Trasporto di cose e superamento limiti di peso del veicolo;34484;118;1496;36098
Norme sul trasporto di merci pericolose;4138;13;138;4289
Trasporto di persone animali ed oggetti sui veicoli a motore;5239;1812;3433;10484
Trasporto di persone e di oggetti sui veicoli a motore a due ruote;482;1179;651;2312
Uso del casco;3439;7976;52466;63881
Uso delle cinture di sicurezza e dei sistemi di ritenuta dei bambini;77306;51520;31513;160339
Mancato uso di lenti o uso di radiotelefoni o cuffie;48070;21744;55810;125624
Rispetto dei tempi di guida e di riposo dei conducenti dei veicoli pesanti;38304;63;2068;40435
Circolazione e comportamento sulle autostrade e strade extraurbane princ.;174766;259;85;175110
Installazione,alterazione,manomissione del cronotachigrafo;7800;73;973;8846
Possesso dei documenti della circolazione;92695;61265;127859;281819
Norme di comportamento dei ciclisti;121;262;1706;2089
Guida in stato di ebbrezza alcolica;15893;15589;7564;39046
Guida sotto l'influenza di sostanze stupefacenti;1639;1891;779;4309
Comportamento dei conducenti in caso di incidente;2007;2648;6393;11048
Comportamento dei pedoni;210;294;2482;2986
Comportamento dei conducenti verso i pedoni;638;1180;7038;8856
Obbligo di assicurazione;38778;50505;53119;142402
