Regione,Popolazione,Densità Popolazione,Totale Veicoli
Lombardia,10.012.054,420,8.471.406
Lazio,5.714.745,332,5.129.475
Veneto,5.593.306,409,4.333.046
Campania,4.852.216,264,4.894.614
Sicilia,4.797.359,186,4.754.909
Emilia-Romagna,4.451.938,198,4.118.467
Piemonte,4.251.623,167,3.986.476
Puglia,3.890.661,199,3.216.681
Toscana,3.660.530,159,3.714.466
Calabria,1.838.568,121,1.758.197
Sardegna,1.570.453,65,1.468.814
Liguria,1.509.140,279,1.408.597
Marche,1.482.746,159,1.445.812
Abruzzo,1.269.571,117,1.231.533
Friuli Venezia Giulia,1.194.616,151,1.101.768
Trentino-Alto Adige,1.082.702,80,1.714.458
Umbria,853.068,101,861.083
Basilicata,533.233,53,505.386
Molise,289.224,65,299.974
Valle d'Aosta,127.877,38,376.616